"target_name","display_label","branch_id","branch_group","model","module","net_contribution","positive_contribution_sum","negative_contribution_sum","absolute_contribution_sum","n_contributing_genes","n_positive_contribution_genes","n_negative_contribution_genes","top_genes_by_abs_contribution"
"Dugong_plus_Hydrodamalis","Dugong + Hydrodamalis","B25","Sirenian / edge context","binary_aquatic_dependence","Cilia / flagella / reproductive-cell function",-0.0104563335653644,0.0822253630083565,-0.0926816965737209,0.174907059582077,6,4,2,"CATSPERG;CATSPERZ;WDR93;SPEF2;DEUP1"
"Dugong_plus_Hydrodamalis","Dugong + Hydrodamalis","B25","Sirenian / edge context","binary_aquatic_dependence","Cytoskeletal / muscle / ECM / adhesion",-0.0132615745091941,0.0918160324765838,-0.105077606985778,0.196893639462362,10,3,7,"SEPTIN5;SYDE1;DBNL;COL20A1;SYNPO2"
"Dugong_plus_Hydrodamalis","Dugong + Hydrodamalis","B25","Sirenian / edge context","binary_aquatic_dependence","DNA repair / chromatin / cell-cycle",0.0148932075361183,0.0148932075361184,-1.22689876112045e-17,0.0148932075361184,7,3,2,"COMMD4;H1_8;C1orf112;CDC14B;LRIF1"
"Dugong_plus_Hydrodamalis","Dugong + Hydrodamalis","B25","Sirenian / edge context","binary_aquatic_dependence","Developmental / transcriptional signaling regulators",0.0853451364602382,0.085345136460241,-2.84679098447157e-15,0.0853451364602439,13,2,9,"RAC3;NWD1;FAM13A;PMIS2;TTC28"
"Dugong_plus_Hydrodamalis","Dugong + Hydrodamalis","B25","Sirenian / edge context","binary_aquatic_dependence","Endocrine / circadian / systemic regulation",-0.518216955296391,0.0383313978228542,-0.556548353119245,0.5948797509421,4,2,2,"PER1;CASTOR1;GCKR;ASMTL"
"Dugong_plus_Hydrodamalis","Dugong + Hydrodamalis","B25","Sirenian / edge context","binary_aquatic_dependence","Epithelial / body-surface interface",0.0704424423220886,0.215452713939326,-0.145010271617237,0.360462985556563,7,5,2,"PRSS53;SDR9C7;SPINT4;TGM1;KRTDAP"
"Dugong_plus_Hydrodamalis","Dugong + Hydrodamalis","B25","Sirenian / edge context","binary_aquatic_dependence","Immune / inflammatory regulation",-0.425834728244377,0,-0.425834728244377,0.425834728244377,6,0,5,"IL33;NLRP8;SIGIRR;CSMD1;MEFV"
"Dugong_plus_Hydrodamalis","Dugong + Hydrodamalis","B25","Sirenian / edge context","binary_aquatic_dependence","Ion channels / mechanosensation / membrane signaling",0.0100135467653766,0.0164091279660331,-0.0063955812006565,0.0228047091666896,6,3,3,"NOXO1;CACNA1G;KCNK18;PI4KA;PIEZO1"
"Dugong_plus_Hydrodamalis","Dugong + Hydrodamalis","B25","Sirenian / edge context","binary_aquatic_dependence","Membrane trafficking / ER / vesicle processing",0.035317199094954,0.0353171990949555,-1.53284026366414e-15,0.0353171990949571,4,1,3,"LLGL1;CLTCL1;SYTL5;SEC61A2"
"Dugong_plus_Hydrodamalis","Dugong + Hydrodamalis","B25","Sirenian / edge context","binary_aquatic_dependence","Metabolism / redox / lipid handling",0.561437419414732,0.579553866120964,-0.018116446706232,0.597670312827196,17,7,10,"NUBP2;PUSL1;FN3K;GGTLC1;GGTLC3"
"Dugong_plus_Hydrodamalis","Dugong + Hydrodamalis","B25","Sirenian / edge context","binary_aquatic_dependence","RNA processing / translation / protein homeostasis",3.9219724735329e-18,3.9219724735329e-18,0,3.9219724735329e-18,1,1,0,"CCDC174"
"Dugong_plus_Hydrodamalis","Dugong + Hydrodamalis","B25","Sirenian / edge context","binary_aquatic_dependence","Sensory systems",-0.00342629942996008,0.0801297088233924,-0.0835560082533524,0.163685717076745,5,2,3,"OMP;CNGA4;OR52W1;OR6B1;PDE6C"
"Dugong_plus_Hydrodamalis","Dugong + Hydrodamalis","B25","Sirenian / edge context","binary_aquatic_dependence","Transport / endocytic / epithelial solute handling",0.000428250239305261,0.0110243544542559,-0.0105961042149507,0.0216204586692066,5,3,1,"SLC5A5;RHCG;LRP2;SLC6A6;SLC6A15"
"Dugong_plus_Hydrodamalis","Dugong + Hydrodamalis","B25","Sirenian / edge context","binary_aquatic_dependence","Unassigned / low-confidence",0.214604903727919,0.214604903727919,-2.09424177197054e-16,0.214604903727919,5,2,2,"C16orf91;SMCO3;PROB1;FP565260;AC092835"
"Dugong_plus_Hydrodamalis","Dugong + Hydrodamalis","B25","Sirenian / edge context","binary_aquatic_dependence","Vascular / hematologic regulation",-0.82762982874238,0.00107262296837026,-0.82870245171075,0.82977507467912,5,1,4,"PDGFB;HGFAC;EPOR;ITGA2B;CD34"
"Dugong_plus_Hydrodamalis","Dugong + Hydrodamalis","B25","Sirenian / edge context","marine","Cilia / flagella / reproductive-cell function",0.143540779252784,0.143540779252784,0,0.143540779252784,4,4,0,"CATSPERZ;CATSPER4;WDR93;TOGARAM2"
"Dugong_plus_Hydrodamalis","Dugong + Hydrodamalis","B25","Sirenian / edge context","marine","Cytoskeletal / muscle / ECM / adhesion",-0.122331224459176,0.00565049675225594,-0.127981721211432,0.133632217963688,7,2,5,"SYDE1;DBNL;COL20A1;MYH7B;MYH13"
"Dugong_plus_Hydrodamalis","Dugong + Hydrodamalis","B25","Sirenian / edge context","marine","DNA repair / chromatin / cell-cycle",-1.53804200681727,1.85956179596958e-16,-1.53804200681727,1.53804200681727,5,1,4,"TPX2;POLG;TRIM66;FANCM;ASH2L"
"Dugong_plus_Hydrodamalis","Dugong + Hydrodamalis","B25","Sirenian / edge context","marine","Developmental / transcriptional signaling regulators",0.292153541770955,0.313375903248328,-0.0212223614773737,0.334598264725702,6,3,3,"HOXD10;NR2C2AP;RNF224;SOX7;VEPH1"
"Dugong_plus_Hydrodamalis","Dugong + Hydrodamalis","B25","Sirenian / edge context","marine","Endocrine / circadian / systemic regulation",0.0305144243059352,0.0305144243059366,-1.39887150424023e-15,0.030514424305938,4,2,2,"CYP21A2;SSTR4;ASMTL;CREB3L3"
"Dugong_plus_Hydrodamalis","Dugong + Hydrodamalis","B25","Sirenian / edge context","marine","Epithelial / body-surface interface",-0.153848748255923,0.0906284382990143,-0.244477186554938,0.335105624853952,8,4,4,"SDR9C7;KRT17;TGM1;TGM5;KRTDAP"
"Dugong_plus_Hydrodamalis","Dugong + Hydrodamalis","B25","Sirenian / edge context","marine","Immune / inflammatory regulation",-0.345548429411475,0,-0.345548429411475,0.345548429411475,3,0,3,"IL33;TREM2;IL36G"
"Dugong_plus_Hydrodamalis","Dugong + Hydrodamalis","B25","Sirenian / edge context","marine","Ion channels / mechanosensation / membrane signaling",-0.0850752044568806,1.87759583689272e-16,-0.0850752044568808,0.085075204456881,2,1,1,"CALHM1;KCNK18"
"Dugong_plus_Hydrodamalis","Dugong + Hydrodamalis","B25","Sirenian / edge context","marine","Membrane trafficking / ER / vesicle processing",-0.0267921481137884,0.148984954550935,-0.175777102664723,0.324762057215658,4,2,1,"APH1B;ATG2A;BAK1;ESYT3"
"Dugong_plus_Hydrodamalis","Dugong + Hydrodamalis","B25","Sirenian / edge context","marine","Metabolism / redox / lipid handling",0.382321572461163,0.385023771324211,-0.0027021988630482,0.387725970187259,6,5,1,"PUSL1;FN3K;NUBP2;DCXR;IDUA"
"Dugong_plus_Hydrodamalis","Dugong + Hydrodamalis","B25","Sirenian / edge context","marine","RNA processing / translation / protein homeostasis",0.0071827148144322,0.00718271481443222,-1.73785389169699e-17,0.00718271481443224,2,1,1,"RARS1;SF3B3"
"Dugong_plus_Hydrodamalis","Dugong + Hydrodamalis","B25","Sirenian / edge context","marine","Sensory systems",-0.0972648465659244,0.0338360328618657,-0.13110087942779,0.164936912289656,6,4,2,"OMP;RDH12;STMN4;OR52W1;OR10G3"
"Dugong_plus_Hydrodamalis","Dugong + Hydrodamalis","B25","Sirenian / edge context","marine","Transport / endocytic / epithelial solute handling",0.0784849455271989,0.0784849455271989,-5.87836058197703e-17,0.078484945527199,2,1,1,"SLC2A7;SLC28A1"
"Dugong_plus_Hydrodamalis","Dugong + Hydrodamalis","B25","Sirenian / edge context","marine","Unassigned / low-confidence",0.116478299557094,0.116478299557094,-2.51227809444529e-16,0.116478299557094,5,3,2,"FAM234A;CAPN13;CTD_3088G3;NKPD1;RTL4"
"Dugong_plus_Hydrodamalis","Dugong + Hydrodamalis","B25","Sirenian / edge context","marine","Vascular / hematologic regulation",-0.901439498336441,4.78508824623681e-17,-0.901439498336441,0.901439498336441,7,1,6,"EPOR;HGFAC;HIGD1B;F11;KEL"
"Lutrinae_sampled","Lutrinae / Enhydra-related","B380","Sirenian / edge context","binary_aquatic_dependence","Cilia / flagella / reproductive-cell function",-0.707869638313801,0.0891289739557225,-0.796998612269523,0.886127586225246,6,1,5,"SPEF2;WDR93;CATSPERG;CATSPERZ;DEUP1"
"Lutrinae_sampled","Lutrinae / Enhydra-related","B380","Sirenian / edge context","binary_aquatic_dependence","Cytoskeletal / muscle / ECM / adhesion",0.357280445456667,0.446494082491262,-0.0892136370345952,0.535707719525857,10,8,2,"CORO2A;DBNL;CLASP2;SYNPO2;SEPTIN5"
"Lutrinae_sampled","Lutrinae / Enhydra-related","B380","Sirenian / edge context","binary_aquatic_dependence","DNA repair / chromatin / cell-cycle",-1.21441258026337,0.0794598588044734,-1.29387243906784,1.37333229787231,7,3,4,"ATF7IP2;KIF18A;C1orf112;CDC14B;H1_8"
"Lutrinae_sampled","Lutrinae / Enhydra-related","B380","Sirenian / edge context","binary_aquatic_dependence","Developmental / transcriptional signaling regulators",0.321598713832858,0.938098222958358,-0.6164995091255,1.55459773208386,13,8,5,"NWD1;KEAP1;PMIS2;TIGD7;FAM13A"
"Lutrinae_sampled","Lutrinae / Enhydra-related","B380","Sirenian / edge context","binary_aquatic_dependence","Endocrine / circadian / systemic regulation",0.895455073286973,1.02324867500347,-0.127793601716496,1.15104227671996,4,3,1,"PER1;GCKR;CASTOR1;ASMTL"
"Lutrinae_sampled","Lutrinae / Enhydra-related","B380","Sirenian / edge context","binary_aquatic_dependence","Epithelial / body-surface interface",-0.146402848382247,0.123044460679752,-0.269447309062,0.392491769741752,7,3,4,"SDR9C7;SPINT4;TGM3;PRSS53;KRTDAP"
"Lutrinae_sampled","Lutrinae / Enhydra-related","B380","Sirenian / edge context","binary_aquatic_dependence","Immune / inflammatory regulation",-0.329859697497029,0.27602522500966,-0.60588492250669,0.88191014751635,6,3,3,"IL33;XCR1;NLRP8;SIGIRR;MEFV"
"Lutrinae_sampled","Lutrinae / Enhydra-related","B380","Sirenian / edge context","binary_aquatic_dependence","Ion channels / mechanosensation / membrane signaling",-0.71026652051958,0.169753954579425,-0.880020475099004,1.04977442967843,6,1,5,"CACNA1G;KCNK18;PIEZO1;PI4KA;NOXO1"
"Lutrinae_sampled","Lutrinae / Enhydra-related","B380","Sirenian / edge context","binary_aquatic_dependence","Membrane trafficking / ER / vesicle processing",0.13638336730043,0.202082947518998,-0.065699580218568,0.267782527737566,4,2,2,"SYTL5;CLTCL1;SEC61A2;LLGL1"
"Lutrinae_sampled","Lutrinae / Enhydra-related","B380","Sirenian / edge context","binary_aquatic_dependence","Metabolism / redox / lipid handling",-0.552668656289941,1.07206806057953,-1.62473671686947,2.696804777449,17,7,10,"PUSL1;ACADSB;PFKP;PNPLA7;ABHD8"
"Lutrinae_sampled","Lutrinae / Enhydra-related","B380","Sirenian / edge context","binary_aquatic_dependence","RNA processing / translation / protein homeostasis",0.00664496335165321,0.00664496335165321,0,0.00664496335165321,1,1,0,"CCDC174"
"Lutrinae_sampled","Lutrinae / Enhydra-related","B380","Sirenian / edge context","binary_aquatic_dependence","Sensory systems",-0.138094903322853,0.15596014832724,-0.294055051650093,0.450015199977334,5,2,3,"OMP;OR52W1;CNGA4;PDE6C;OR6B1"
"Lutrinae_sampled","Lutrinae / Enhydra-related","B380","Sirenian / edge context","binary_aquatic_dependence","Transport / endocytic / epithelial solute handling",0.4332386231391,0.611035401516865,-0.177796778377765,0.78883217989463,5,4,1,"SLC5A5;SLC6A15;LRP2;SLC6A6;RHCG"
"Lutrinae_sampled","Lutrinae / Enhydra-related","B380","Sirenian / edge context","binary_aquatic_dependence","Unassigned / low-confidence",0.387925650314986,0.417289386474818,-0.0293637361598313,0.446653122634649,5,4,1,"SMCO3;C16orf91;PROB1;AC092835;FP565260"
"Lutrinae_sampled","Lutrinae / Enhydra-related","B380","Sirenian / edge context","binary_aquatic_dependence","Vascular / hematologic regulation",0.483666515385668,0.483859575472463,-0.000193060086794881,0.484052635559258,5,4,1,"HGFAC;PDGFB;CD34;EPOR;ITGA2B"
"Lutrinae_sampled","Lutrinae / Enhydra-related","B380","Sirenian / edge context","marine","Cilia / flagella / reproductive-cell function",-0.456186113200417,0,-0.456186113200417,0.456186113200417,4,0,4,"WDR93;TOGARAM2;CATSPERZ;CATSPER4"
"Lutrinae_sampled","Lutrinae / Enhydra-related","B380","Sirenian / edge context","marine","Cytoskeletal / muscle / ECM / adhesion",-0.869174311857589,0.124009473143318,-0.993183785000907,1.11719325814422,7,3,4,"ACP4;MYH7B;MYH13;DBNL;SYDE1"
"Lutrinae_sampled","Lutrinae / Enhydra-related","B380","Sirenian / edge context","marine","DNA repair / chromatin / cell-cycle",0.668312933379568,0.668312933379568,0,0.668312933379568,5,5,0,"FANCM;TPX2;POLG;TRIM66;ASH2L"
"Lutrinae_sampled","Lutrinae / Enhydra-related","B380","Sirenian / edge context","marine","Developmental / transcriptional signaling regulators",-0.228404080950033,0.140389389455206,-0.368793470405239,0.509182859860445,6,2,4,"HOXD10;VEPH1;RNF224;SOX7;ACVR1"
"Lutrinae_sampled","Lutrinae / Enhydra-related","B380","Sirenian / edge context","marine","Endocrine / circadian / systemic regulation",-0.124586697832868,0.121942873427205,-0.246529571260073,0.368472444687278,4,2,2,"SSTR4;ASMTL;CREB3L3;CYP21A2"
"Lutrinae_sampled","Lutrinae / Enhydra-related","B380","Sirenian / edge context","marine","Epithelial / body-surface interface",-0.123738656168256,0.623860092820835,-0.747598748989091,1.37145884180993,8,2,6,"ALOX12B;KRTDAP;SDR9C7;KRT17;CAPN14"
"Lutrinae_sampled","Lutrinae / Enhydra-related","B380","Sirenian / edge context","marine","Immune / inflammatory regulation",-0.403600129719365,0,-0.403600129719365,0.403600129719365,3,0,3,"IL33;TREM2;IL36G"
"Lutrinae_sampled","Lutrinae / Enhydra-related","B380","Sirenian / edge context","marine","Ion channels / mechanosensation / membrane signaling",-0.695626354733203,0,-0.695626354733203,0.695626354733203,2,0,2,"KCNK18;CALHM1"
"Lutrinae_sampled","Lutrinae / Enhydra-related","B380","Sirenian / edge context","marine","Membrane trafficking / ER / vesicle processing",-0.0449033438224837,0.126240070727275,-0.171143414549758,0.297383485277033,4,3,1,"ATG2A;ESYT3;APH1B;BAK1"
"Lutrinae_sampled","Lutrinae / Enhydra-related","B380","Sirenian / edge context","marine","Metabolism / redox / lipid handling",-0.414664293350876,0.298484370477691,-0.713148663828568,1.01163303430626,6,4,2,"PUSL1;PNPLA7;IDUA;NUBP2;FN3K"
"Lutrinae_sampled","Lutrinae / Enhydra-related","B380","Sirenian / edge context","marine","RNA processing / translation / protein homeostasis",-0.125566960552438,0.00928990460864837,-0.134856865161086,0.144146769769735,2,1,1,"RARS1;SF3B3"
"Lutrinae_sampled","Lutrinae / Enhydra-related","B380","Sirenian / edge context","marine","Sensory systems",-0.243631669409757,0.149437974319315,-0.393069643729072,0.542507618048386,6,1,5,"OMP;OR52W1;OR10G3;OR6B1;RDH12"
"Lutrinae_sampled","Lutrinae / Enhydra-related","B380","Sirenian / edge context","marine","Transport / endocytic / epithelial solute handling",0.294023865149396,0.294023865149396,-4.79583060256912e-16,0.294023865149397,2,1,1,"SLC28A1;SLC2A7"
"Lutrinae_sampled","Lutrinae / Enhydra-related","B380","Sirenian / edge context","marine","Unassigned / low-confidence",-0.39642436469042,0.263272042444211,-0.659696407134631,0.922968449578842,5,3,2,"FAM234A;NKPD1;RTL4;CTD_3088G3;CAPN13"
"Lutrinae_sampled","Lutrinae / Enhydra-related","B380","Sirenian / edge context","marine","Vascular / hematologic regulation",1.38870687600509,1.4645511603414,-0.0758442843363057,1.5403954446777,7,5,2,"HIGD1B;HGFAC;EPOR;CD34;F11"
"Mysticeti","Mysticeti","B544","Cetacean axis","binary_aquatic_dependence","Cilia / flagella / reproductive-cell function",0.405674633026961,0.47613038537461,-0.0704557523476492,0.54658613772226,6,3,3,"CATSPERG;WDR93;TOGARAM2;CATSPERZ;DEUP1"
"Mysticeti","Mysticeti","B544","Cetacean axis","binary_aquatic_dependence","Cytoskeletal / muscle / ECM / adhesion",0.340694890993709,0.508325638320465,-0.167630747326756,0.67595638564722,10,8,2,"DBNL;CORO2A;SYDE1;SYNPO2;CLASP2"
"Mysticeti","Mysticeti","B544","Cetacean axis","binary_aquatic_dependence","DNA repair / chromatin / cell-cycle",0.0358034445893552,0.216685953698524,-0.180882509109169,0.397568462807693,7,6,1,"C1orf112;H1_8;CDC14B;KIF18A;COMMD4"
"Mysticeti","Mysticeti","B544","Cetacean axis","binary_aquatic_dependence","Developmental / transcriptional signaling regulators",1.46978426560454,1.92775852168844,-0.4579742560839,2.38573277777234,13,11,2,"FAM13A;PMIS2;NWD1;FZD5;KEAP1"
"Mysticeti","Mysticeti","B544","Cetacean axis","binary_aquatic_dependence","Endocrine / circadian / systemic regulation",-0.217495291439031,0.0695750682277088,-0.28707035966674,0.356645427894449,4,3,1,"PER1;CASTOR1;ASMTL;GCKR"
"Mysticeti","Mysticeti","B544","Cetacean axis","binary_aquatic_dependence","Epithelial / body-surface interface",4.31421418418306,4.31421418418306,0,4.31421418418306,7,7,0,"TGM3;PRSS53;TGM1;KRTDAP;CDHR4"
"Mysticeti","Mysticeti","B544","Cetacean axis","binary_aquatic_dependence","Immune / inflammatory regulation",0.490126621064318,0.535748608053149,-0.045621986988831,0.58137059504198,6,3,3,"IL33;MEFV;SIGIRR;XCR1;CSMD1"
"Mysticeti","Mysticeti","B544","Cetacean axis","binary_aquatic_dependence","Ion channels / mechanosensation / membrane signaling",0.0237404743551472,0.166581332858804,-0.142840858503657,0.309422191362461,6,4,2,"CACNA1G;PI4KA;PIEZO1;NOXO1;IP6K1"
"Mysticeti","Mysticeti","B544","Cetacean axis","binary_aquatic_dependence","Membrane trafficking / ER / vesicle processing",0.295102519720524,0.526488631750792,-0.231386112030268,0.757874743781059,4,2,2,"SYTL5;SEC61A2;LLGL1;CLTCL1"
"Mysticeti","Mysticeti","B544","Cetacean axis","binary_aquatic_dependence","Metabolism / redox / lipid handling",0.80055018923893,1.10447186734695,-0.303921678108017,1.40839354545496,17,12,5,"PUSL1;ACOX3;PNPLA7;ABHD8;NUBP2"
"Mysticeti","Mysticeti","B544","Cetacean axis","binary_aquatic_dependence","RNA processing / translation / protein homeostasis",0.00836075457771445,0.00836075457771445,0,0.00836075457771445,1,1,0,"CCDC174"
"Mysticeti","Mysticeti","B544","Cetacean axis","binary_aquatic_dependence","Sensory systems",0.050704149501117,0.263706834191428,-0.213002684690311,0.476709518881738,5,1,4,"OR6B1;OMP;OR52W1;CNGA4;PDE6C"
"Mysticeti","Mysticeti","B544","Cetacean axis","binary_aquatic_dependence","Transport / endocytic / epithelial solute handling",-0.253955077008207,0.159292922465415,-0.413247999473622,0.572540921939037,5,3,2,"LRP2;SLC5A5;SLC6A15;SLC6A6;RHCG"
"Mysticeti","Mysticeti","B544","Cetacean axis","binary_aquatic_dependence","Unassigned / low-confidence",0.386340265246597,0.386340265246597,0,0.386340265246597,5,5,0,"C16orf91;SMCO3;AC092835;PROB1;FP565260"
"Mysticeti","Mysticeti","B544","Cetacean axis","binary_aquatic_dependence","Vascular / hematologic regulation",0.323433299232526,0.442357198466132,-0.118923899233606,0.561281097699738,5,2,3,"PDGFB;EPOR;CD34;HGFAC;ITGA2B"
"Mysticeti","Mysticeti","B544","Cetacean axis","marine","Cilia / flagella / reproductive-cell function",-0.0410916663850542,0.139592082150257,-0.180683748535311,0.320275830685569,4,3,1,"TOGARAM2;WDR93;CATSPERZ;CATSPER4"
"Mysticeti","Mysticeti","B544","Cetacean axis","marine","Cytoskeletal / muscle / ECM / adhesion",2.2020288381928,2.2020288381928,0,2.2020288381928,7,7,0,"MYH13;DBNL;SYDE1;COL20A1;ACP4"
"Mysticeti","Mysticeti","B544","Cetacean axis","marine","DNA repair / chromatin / cell-cycle",0.158098420023157,0.214635637001791,-0.056537216978634,0.271172853980425,5,3,2,"FANCM;POLG;TPX2;TRIM66;ASH2L"
"Mysticeti","Mysticeti","B544","Cetacean axis","marine","Developmental / transcriptional signaling regulators",0.0256527183155198,0.163447229498661,-0.137794511183141,0.301241740681802,6,3,3,"VEPH1;NR2C2AP;RNF224;ACVR1;HOXD10"
"Mysticeti","Mysticeti","B544","Cetacean axis","marine","Endocrine / circadian / systemic regulation",0.485272531497887,0.49091075382794,-0.00563822233005322,0.496548976157994,4,3,1,"SSTR4;ASMTL;CREB3L3;CYP21A2"
"Mysticeti","Mysticeti","B544","Cetacean axis","marine","Epithelial / body-surface interface",5.00386095641985,5.05892186449926,-0.0550609080794027,5.11398277257866,8,6,2,"TGM3;KRTDAP;KRT17;TGM1;SDR9C7"
"Mysticeti","Mysticeti","B544","Cetacean axis","marine","Immune / inflammatory regulation",0.884369879177991,0.913973762054906,-0.0296038828769144,0.94357764493182,3,2,1,"IL36G;IL33;TREM2"
"Mysticeti","Mysticeti","B544","Cetacean axis","marine","Ion channels / mechanosensation / membrane signaling",0.116334491227415,0.116334491227415,0,0.116334491227415,2,2,0,"CALHM1;KCNK18"
"Mysticeti","Mysticeti","B544","Cetacean axis","marine","Membrane trafficking / ER / vesicle processing",0.372243466790312,0.382255823830634,-0.0100123570403216,0.392268180870955,4,3,1,"ESYT3;ATG2A;APH1B;BAK1"
"Mysticeti","Mysticeti","B544","Cetacean axis","marine","Metabolism / redox / lipid handling",0.375963061560957,0.379003793457237,-0.00304073189628014,0.382044525353518,6,5,1,"PUSL1;PNPLA7;NUBP2;FN3K;DCXR"
"Mysticeti","Mysticeti","B544","Cetacean axis","marine","RNA processing / translation / protein homeostasis",-0.0505319563225706,0.0480159177254021,-0.0985478740479728,0.146563791773375,2,1,1,"RARS1;SF3B3"
"Mysticeti","Mysticeti","B544","Cetacean axis","marine","Sensory systems",-0.00591409874619489,0.248832435024686,-0.254746533770881,0.503578968795566,6,2,4,"OR6B1;OMP;OR52W1;RDH12;STMN4"
"Mysticeti","Mysticeti","B544","Cetacean axis","marine","Transport / endocytic / epithelial solute handling",-0.0613865677285827,0,-0.0613865677285827,0.0613865677285827,2,0,2,"SLC28A1;SLC2A7"
"Mysticeti","Mysticeti","B544","Cetacean axis","marine","Unassigned / low-confidence",0.907791435871212,0.927856838471728,-0.0200654026005163,0.947922241072244,5,4,1,"NKPD1;CTD_3088G3;RTL4;FAM234A;CAPN13"
"Mysticeti","Mysticeti","B544","Cetacean axis","marine","Vascular / hematologic regulation",-0.065590010932122,0.719966448280481,-0.785556459212603,1.50552290749308,7,3,4,"HIGD1B;EPOR;F11;CD34;HGFAC"
"Odontoceti","Odontoceti","B591","Cetacean axis","binary_aquatic_dependence","Cilia / flagella / reproductive-cell function",-0.891579735025835,0.550955921111518,-1.44253565613735,1.99349157724887,6,4,2,"WDR93;SPEF2;CATSPERZ;DEUP1;CATSPERG"
"Odontoceti","Odontoceti","B591","Cetacean axis","binary_aquatic_dependence","Cytoskeletal / muscle / ECM / adhesion",0.365352448577185,0.660303197042748,-0.294950748465563,0.955253945508311,10,7,3,"SYNPO2;CORO2A;SYDE1;SEPTIN5;CLASP2"
"Odontoceti","Odontoceti","B591","Cetacean axis","binary_aquatic_dependence","DNA repair / chromatin / cell-cycle",0.736095954636648,0.958505266446022,-0.222409311809374,1.1809145782554,7,5,2,"ATF7IP2;KIF18A;C1orf112;H1_8;CDC14B"
"Odontoceti","Odontoceti","B591","Cetacean axis","binary_aquatic_dependence","Developmental / transcriptional signaling regulators",1.81913842911444,1.8920177793993,-0.072879350284864,1.96489712968417,13,10,3,"NWD1;KEAP1;FAM13A;PMIS2;TIGD7"
"Odontoceti","Odontoceti","B591","Cetacean axis","binary_aquatic_dependence","Endocrine / circadian / systemic regulation",0.214913793391272,0.228667860921149,-0.0137540675298771,0.242421928451026,4,2,2,"PER1;ASMTL;CASTOR1;GCKR"
"Odontoceti","Odontoceti","B591","Cetacean axis","binary_aquatic_dependence","Epithelial / body-surface interface",1.96394205568959,2.21862113138738,-0.254679075697796,2.47330020708518,7,5,2,"TGM3;PRSS53;SDR9C7;KRTDAP;TGM1"
"Odontoceti","Odontoceti","B591","Cetacean axis","binary_aquatic_dependence","Immune / inflammatory regulation",-0.506957200976518,0.573668532045319,-1.08062573302184,1.65429426506716,6,3,3,"NLRP8;IL33;XCR1;MEFV;SIGIRR"
"Odontoceti","Odontoceti","B591","Cetacean axis","binary_aquatic_dependence","Ion channels / mechanosensation / membrane signaling",0.310936761661264,0.59198999145051,-0.281053229789246,0.873043221239756,6,3,3,"CACNA1G;KCNK18;PIEZO1;PI4KA;NOXO1"
"Odontoceti","Odontoceti","B591","Cetacean axis","binary_aquatic_dependence","Membrane trafficking / ER / vesicle processing",-0.645719347740712,0,-0.645719347740712,0.645719347740712,4,0,4,"SYTL5;SEC61A2;LLGL1;CLTCL1"
"Odontoceti","Odontoceti","B591","Cetacean axis","binary_aquatic_dependence","Metabolism / redox / lipid handling",2.23049224771378,2.60362647925102,-0.373134231537237,2.97676071078826,17,12,5,"PUSL1;ACADSB;FN3K;NUBP2;GGTLC1"
"Odontoceti","Odontoceti","B591","Cetacean axis","binary_aquatic_dependence","RNA processing / translation / protein homeostasis",-0.0119463443284191,0,-0.0119463443284191,0.0119463443284191,1,0,1,"CCDC174"
"Odontoceti","Odontoceti","B591","Cetacean axis","binary_aquatic_dependence","Sensory systems",-0.290411759720022,4.46456307678019e-16,-0.290411759720023,0.290411759720023,5,1,4,"OMP;CNGA4;OR6B1;PDE6C;OR52W1"
"Odontoceti","Odontoceti","B591","Cetacean axis","binary_aquatic_dependence","Transport / endocytic / epithelial solute handling",-0.260000861922384,0.636802563334139,-0.896803425256523,1.53360598859066,5,4,1,"LRP2;SLC6A15;SLC6A6;SLC5A5;RHCG"
"Odontoceti","Odontoceti","B591","Cetacean axis","binary_aquatic_dependence","Unassigned / low-confidence",0.675251286583646,0.684830891106156,-0.00957960452250958,0.694410495628666,5,3,2,"C16orf91;SMCO3;PROB1;AC092835;FP565260"
"Odontoceti","Odontoceti","B591","Cetacean axis","binary_aquatic_dependence","Vascular / hematologic regulation",-0.165345587660262,0.198315708111832,-0.363661295772094,0.561977003883926,5,3,2,"HGFAC;CD34;PDGFB;EPOR;ITGA2B"
"Odontoceti","Odontoceti","B591","Cetacean axis","marine","Cilia / flagella / reproductive-cell function",-0.271339438253763,0.416990260195232,-0.688329698448994,1.10531995864423,4,3,1,"WDR93;CATSPERZ;TOGARAM2;CATSPER4"
"Odontoceti","Odontoceti","B591","Cetacean axis","marine","Cytoskeletal / muscle / ECM / adhesion",0.333019305889054,0.892808682937716,-0.559789377048662,1.45259805998638,7,5,2,"MYH13;ACP4;MYH7B;SYDE1;COL20A1"
"Odontoceti","Odontoceti","B591","Cetacean axis","marine","DNA repair / chromatin / cell-cycle",0.851429527811726,0.915380443761036,-0.0639509159493098,0.979331359710346,5,3,2,"TPX2;POLG;FANCM;TRIM66;ASH2L"
"Odontoceti","Odontoceti","B591","Cetacean axis","marine","Developmental / transcriptional signaling regulators",-0.458456727019072,0.058197796559887,-0.516654523578959,0.574852320138846,6,1,5,"HOXD10;VEPH1;RNF224;SOX7;ACVR1"
"Odontoceti","Odontoceti","B591","Cetacean axis","marine","Endocrine / circadian / systemic regulation",-0.354871733209148,0.146325093640629,-0.501196826849777,0.647521920490405,4,1,3,"ASMTL;SSTR4;CREB3L3;CYP21A2"
"Odontoceti","Odontoceti","B591","Cetacean axis","marine","Epithelial / body-surface interface",3.77311355767457,4.03328247396657,-0.260168916292004,4.29345139025858,8,6,2,"KRT17;TGM3;KRTDAP;SDR9C7;CAPN14"
"Odontoceti","Odontoceti","B591","Cetacean axis","marine","Immune / inflammatory regulation",0.811922980416033,1.24500109699361,-0.433078116577574,1.67807921357118,3,1,2,"IL36G;IL33;TREM2"
"Odontoceti","Odontoceti","B591","Cetacean axis","marine","Ion channels / mechanosensation / membrane signaling",-0.584623233986061,0,-0.584623233986061,0.584623233986061,2,0,2,"KCNK18;CALHM1"
"Odontoceti","Odontoceti","B591","Cetacean axis","marine","Membrane trafficking / ER / vesicle processing",0.325826238614658,0.390411725289781,-0.0645854866751229,0.454997211964904,4,3,1,"ESYT3;APH1B;ATG2A;BAK1"
"Odontoceti","Odontoceti","B591","Cetacean axis","marine","Metabolism / redox / lipid handling",0.925874803120432,0.926011711954624,-0.000136908834192178,0.926148620788816,6,5,1,"PUSL1;FN3K;NUBP2;IDUA;DCXR"
"Odontoceti","Odontoceti","B591","Cetacean axis","marine","RNA processing / translation / protein homeostasis",-0.305701297648604,0.0722130843828947,-0.377914382031499,0.450127466414393,2,1,1,"RARS1;SF3B3"
"Odontoceti","Odontoceti","B591","Cetacean axis","marine","Sensory systems",-0.29783388176453,0.00946308708087042,-0.307296968845401,0.316760055926271,6,3,3,"OMP;OR6B1;RDH12;STMN4;OR52W1"
"Odontoceti","Odontoceti","B591","Cetacean axis","marine","Transport / endocytic / epithelial solute handling",0.0442179789036747,0.0442179789036752,-4.79583060256912e-16,0.0442179789036757,2,1,1,"SLC28A1;SLC2A7"
"Odontoceti","Odontoceti","B591","Cetacean axis","marine","Unassigned / low-confidence",0.788659820733195,0.886284293296344,-0.0976244725631486,0.983908765859493,5,4,1,"NKPD1;FAM234A;RTL4;CTD_3088G3;CAPN13"
"Odontoceti","Odontoceti","B591","Cetacean axis","marine","Vascular / hematologic regulation",0.995031830808378,1.26980179114014,-0.274769960331763,1.5445717514719,7,6,1,"HIGD1B;EPOR;CD34;HGFAC;F11"
"Otariidae","Otariidae","B393","Pinniped axis","binary_aquatic_dependence","Cilia / flagella / reproductive-cell function",0.256976854380185,0.417283070829157,-0.160306216448972,0.577589287278129,6,5,1,"CATSPERG;WDR93;CATSPERZ;SPEF2;DEUP1"
"Otariidae","Otariidae","B393","Pinniped axis","binary_aquatic_dependence","Cytoskeletal / muscle / ECM / adhesion",-0.0147681859436617,0.291493115640939,-0.3062613015846,0.597754417225539,10,4,6,"SYDE1;SEPTIN5;CORO2A;DBNL;CLASP2"
"Otariidae","Otariidae","B393","Pinniped axis","binary_aquatic_dependence","DNA repair / chromatin / cell-cycle",-0.186283257414946,0.17803560671741,-0.364318864132356,0.542354470849765,7,5,2,"H1_8;ATF7IP2;KIF18A;C1orf112;CDC14B"
"Otariidae","Otariidae","B393","Pinniped axis","binary_aquatic_dependence","Developmental / transcriptional signaling regulators",-0.166138007053336,0.490161097360329,-0.656299104413665,1.14646020177399,13,7,6,"TIGD7;TTC28;NWD1;FAM20B;RAC3"
"Otariidae","Otariidae","B393","Pinniped axis","binary_aquatic_dependence","Endocrine / circadian / systemic regulation",0.980751244593091,0.980751244593091,0,0.980751244593091,4,4,0,"PER1;CASTOR1;ASMTL;GCKR"
"Otariidae","Otariidae","B393","Pinniped axis","binary_aquatic_dependence","Epithelial / body-surface interface",0.229856630549498,0.778234125954134,-0.548377495404635,1.32661162135877,7,5,2,"SDR9C7;TGM3;SPINT4;PRSS53;CDHR4"
"Otariidae","Otariidae","B393","Pinniped axis","binary_aquatic_dependence","Immune / inflammatory regulation",0.167630137313902,0.363438822151038,-0.195808684837136,0.559247506988174,6,3,3,"NLRP8;SIGIRR;IL33;MEFV;CSMD1"
"Otariidae","Otariidae","B393","Pinniped axis","binary_aquatic_dependence","Ion channels / mechanosensation / membrane signaling",-0.340271665435586,0.00703894866087432,-0.34731061409646,0.354349562757334,6,1,5,"CACNA1G;PIEZO1;NOXO1;PI4KA;IP6K1"
"Otariidae","Otariidae","B393","Pinniped axis","binary_aquatic_dependence","Membrane trafficking / ER / vesicle processing",0.412219383193297,0.412219383193297,0,0.412219383193297,4,4,0,"SEC61A2;SYTL5;CLTCL1;LLGL1"
"Otariidae","Otariidae","B393","Pinniped axis","binary_aquatic_dependence","Metabolism / redox / lipid handling",-1.57929880457628,0.258346586598227,-1.83764539117451,2.09599197777273,17,4,13,"ACADSB;PUSL1;FN3K;ACOX3;KMO"
"Otariidae","Otariidae","B393","Pinniped axis","binary_aquatic_dependence","RNA processing / translation / protein homeostasis",0.00403268403124541,0.00403268403124541,0,0.00403268403124541,1,1,0,"CCDC174"
"Otariidae","Otariidae","B393","Pinniped axis","binary_aquatic_dependence","Sensory systems",0.143638824261068,0.147914197517305,-0.00427537325623699,0.152189570773542,5,3,2,"OR52W1;PDE6C;OR6B1;CNGA4;OMP"
"Otariidae","Otariidae","B393","Pinniped axis","binary_aquatic_dependence","Transport / endocytic / epithelial solute handling",-0.0584096466903399,0.459850402726786,-0.518260049417126,0.978110452143912,5,4,1,"SLC6A15;SLC5A5;LRP2;RHCG;SLC6A6"
"Otariidae","Otariidae","B393","Pinniped axis","binary_aquatic_dependence","Unassigned / low-confidence",0.348351309179482,0.371687373586867,-0.0233360644073849,0.395023437994252,5,4,1,"C16orf91;SMCO3;AC092835;PROB1;FP565260"
"Otariidae","Otariidae","B393","Pinniped axis","binary_aquatic_dependence","Vascular / hematologic regulation",0.435150875047675,0.448722727166644,-0.0135718521189689,0.462294579285613,5,3,2,"PDGFB;HGFAC;CD34;EPOR;ITGA2B"
"Otariidae","Otariidae","B393","Pinniped axis","marine","Cilia / flagella / reproductive-cell function",0.140772063808799,0.225485279121932,-0.0847132153131334,0.310198494435065,4,3,1,"CATSPERZ;WDR93;TOGARAM2;CATSPER4"
"Otariidae","Otariidae","B393","Pinniped axis","marine","Cytoskeletal / muscle / ECM / adhesion",-0.0317750788616127,0.365666514970715,-0.397441593832328,0.763108108803043,7,3,4,"SYDE1;MYH7B;ACP4;MYH13;DBNL"
"Otariidae","Otariidae","B393","Pinniped axis","marine","DNA repair / chromatin / cell-cycle",0.403421982729955,0.41955309549186,-0.0161311127619053,0.435684208253765,5,4,1,"TPX2;FANCM;TRIM66;POLG;ASH2L"
"Otariidae","Otariidae","B393","Pinniped axis","marine","Developmental / transcriptional signaling regulators",0.128811797886471,0.344600393556636,-0.215788595670166,0.560388989226802,6,3,2,"NR2C2AP;HOXD10;SOX7;VEPH1;ACVR1"
"Otariidae","Otariidae","B393","Pinniped axis","marine","Endocrine / circadian / systemic regulation",0.528040978405148,0.528040978405148,0,0.528040978405148,4,4,0,"ASMTL;CREB3L3;SSTR4;CYP21A2"
"Otariidae","Otariidae","B393","Pinniped axis","marine","Epithelial / body-surface interface",1.24976631388524,1.5650062539307,-0.315239940045458,1.88024619397616,8,6,2,"SDR9C7;TGM3;ALOX12B;CAPN14;KRTDAP"
"Otariidae","Otariidae","B393","Pinniped axis","marine","Immune / inflammatory regulation",-0.242343557675257,0,-0.242343557675257,0.242343557675257,3,0,3,"TREM2;IL36G;IL33"
"Otariidae","Otariidae","B393","Pinniped axis","marine","Ion channels / mechanosensation / membrane signaling",-0.0195197507620562,1.87759583689272e-16,-0.0195197507620564,0.0195197507620566,2,1,1,"CALHM1;KCNK18"
"Otariidae","Otariidae","B393","Pinniped axis","marine","Membrane trafficking / ER / vesicle processing",0.275811614351752,0.280610113120423,-0.00479849876867129,0.285408611889094,4,3,1,"ESYT3;ATG2A;APH1B;BAK1"
"Otariidae","Otariidae","B393","Pinniped axis","marine","Metabolism / redox / lipid handling",-0.466082002805364,0.00800238581903274,-0.474084388624397,0.482086774443429,6,1,5,"PUSL1;FN3K;NUBP2;PNPLA7;IDUA"
"Otariidae","Otariidae","B393","Pinniped axis","marine","RNA processing / translation / protein homeostasis",-0.0270537184716846,0.0354402017575283,-0.0624939202292129,0.0979341219867412,2,1,1,"RARS1;SF3B3"
"Otariidae","Otariidae","B393","Pinniped axis","marine","Sensory systems",0.229623819153064,0.264389213288766,-0.0347653941357025,0.299154607424469,6,5,1,"OR52W1;OR10G3;RDH12;OR6B1;STMN4"
"Otariidae","Otariidae","B393","Pinniped axis","marine","Transport / endocytic / epithelial solute handling",0.124055163753622,0.124055163753623,-4.79583060256912e-16,0.124055163753623,2,1,1,"SLC28A1;SLC2A7"
"Otariidae","Otariidae","B393","Pinniped axis","marine","Unassigned / low-confidence",-0.013758180058193,0.125110552325454,-0.138868732383647,0.263979284709101,5,2,3,"CAPN13;NKPD1;CTD_3088G3;FAM234A;RTL4"
"Otariidae","Otariidae","B393","Pinniped axis","marine","Vascular / hematologic regulation",0.677458046661676,0.70004352929836,-0.0225854826366845,0.722629011935044,7,6,1,"HIGD1B;HGFAC;F11;EPOR;KEL"
"Otariinae_sampled","Otariinae","B392","Pinniped axis","binary_aquatic_dependence","Cilia / flagella / reproductive-cell function",1.60156163105107,1.81495580521334,-0.213394174162272,2.02834997937561,6,4,2,"WDR93;SPEF2;CATSPERG;DEUP1;TOGARAM2"
"Otariinae_sampled","Otariinae","B392","Pinniped axis","binary_aquatic_dependence","Cytoskeletal / muscle / ECM / adhesion",0.641308437253444,0.976133107036378,-0.334824669782934,1.31095777681931,10,9,1,"CORO2A;SYDE1;CLASP2;DBNL;SEPTIN5"
"Otariinae_sampled","Otariinae","B392","Pinniped axis","binary_aquatic_dependence","DNA repair / chromatin / cell-cycle",0.498572110286254,0.649468412474276,-0.150896302188023,0.800364714662299,7,4,3,"ATF7IP2;C1orf112;KIF18A;H1_8;LRIF1"
"Otariinae_sampled","Otariinae","B392","Pinniped axis","binary_aquatic_dependence","Developmental / transcriptional signaling regulators",-1.63373417302215,0.38674432936347,-2.02047850238562,2.40722283174909,13,4,9,"NWD1;PMIS2;RAC3;TTC28;KEAP1"
"Otariinae_sampled","Otariinae","B392","Pinniped axis","binary_aquatic_dependence","Endocrine / circadian / systemic regulation",0.213543490665391,0.213543490665391,0,0.213543490665391,4,4,0,"PER1;CASTOR1;ASMTL;GCKR"
"Otariinae_sampled","Otariinae","B392","Pinniped axis","binary_aquatic_dependence","Epithelial / body-surface interface",-0.363104141030363,0.127777627039318,-0.490881768069681,0.618659395108999,7,3,4,"TGM3;SPINT4;PRSS53;SDR9C7;KRTDAP"
"Otariinae_sampled","Otariinae","B392","Pinniped axis","binary_aquatic_dependence","Immune / inflammatory regulation",-0.223286090528377,0.621181608738959,-0.844467699267335,1.46564930800629,6,4,2,"IL33;MEFV;NLRP8;SIGIRR;XCR1"
"Otariinae_sampled","Otariinae","B392","Pinniped axis","binary_aquatic_dependence","Ion channels / mechanosensation / membrane signaling",-0.684712001092947,0.217149265665237,-0.901861266758184,1.11901053242342,6,1,5,"CACNA1G;PIEZO1;PI4KA;IP6K1;NOXO1"
"Otariinae_sampled","Otariinae","B392","Pinniped axis","binary_aquatic_dependence","Membrane trafficking / ER / vesicle processing",0.16628089420445,0.311587667712301,-0.145306773507851,0.456894441220152,4,2,2,"SEC61A2;SYTL5;CLTCL1;LLGL1"
"Otariinae_sampled","Otariinae","B392","Pinniped axis","binary_aquatic_dependence","Metabolism / redox / lipid handling",0.584607312279398,1.26141232819271,-0.676805015913309,1.93821734410602,17,11,6,"PUSL1;GGTLC1;ABHD8;KMO;ACOX3"
"Otariinae_sampled","Otariinae","B392","Pinniped axis","binary_aquatic_dependence","RNA processing / translation / protein homeostasis",0.0183396270213322,0.0183396270213322,0,0.0183396270213322,1,1,0,"CCDC174"
"Otariinae_sampled","Otariinae","B392","Pinniped axis","binary_aquatic_dependence","Sensory systems",0.701411586578636,0.817068310735704,-0.115656724157068,0.932725034892773,5,3,2,"OMP;OR52W1;CNGA4;OR6B1;PDE6C"
"Otariinae_sampled","Otariinae","B392","Pinniped axis","binary_aquatic_dependence","Transport / endocytic / epithelial solute handling",0.427877693344544,0.528515528933232,-0.100637835588688,0.629153364521919,5,2,3,"SLC6A15;SLC6A6;LRP2;SLC5A5;RHCG"
"Otariinae_sampled","Otariinae","B392","Pinniped axis","binary_aquatic_dependence","Unassigned / low-confidence",0.626358568408758,0.678046961414969,-0.0516883930062107,0.72973535442118,5,3,2,"C16orf91;SMCO3;PROB1;AC092835;FP565260"
"Otariinae_sampled","Otariinae","B392","Pinniped axis","binary_aquatic_dependence","Vascular / hematologic regulation",-0.494662205585719,0.168665049232701,-0.66332725481842,0.831992304051121,5,3,2,"PDGFB;EPOR;HGFAC;CD34;ITGA2B"
"Otariinae_sampled","Otariinae","B392","Pinniped axis","marine","Cilia / flagella / reproductive-cell function",0.378837450443132,0.571220647728317,-0.192383197285185,0.763603845013502,4,3,1,"WDR93;TOGARAM2;CATSPERZ;CATSPER4"
"Otariinae_sampled","Otariinae","B392","Pinniped axis","marine","Cytoskeletal / muscle / ECM / adhesion",2.67617681028643,3.2194214805563,-0.543244670269876,3.76266615082618,7,5,2,"MYH7B;MYH13;SYDE1;ACP4;DBNL"
"Otariinae_sampled","Otariinae","B392","Pinniped axis","marine","DNA repair / chromatin / cell-cycle",0.765712044660664,0.819871568140888,-0.0541595234802248,0.874031091621113,5,4,1,"TPX2;POLG;FANCM;TRIM66;ASH2L"
"Otariinae_sampled","Otariinae","B392","Pinniped axis","marine","Developmental / transcriptional signaling regulators",-0.113005008631191,0.164452056375456,-0.277457065006647,0.441909121382103,6,2,3,"HOXD10;VEPH1;ACVR1;SOX7;NR2C2AP"
"Otariinae_sampled","Otariinae","B392","Pinniped axis","marine","Endocrine / circadian / systemic regulation",1.02583784962099,1.02583784962099,0,1.02583784962099,4,4,0,"SSTR4;ASMTL;CREB3L3;CYP21A2"
"Otariinae_sampled","Otariinae","B392","Pinniped axis","marine","Epithelial / body-surface interface",0.851009269668256,1.59975525270217,-0.748745983033911,2.34850123573608,8,3,5,"CAPN14;KRT17;ALOX12B;TGM3;KRTDAP"
"Otariinae_sampled","Otariinae","B392","Pinniped axis","marine","Immune / inflammatory regulation",-0.585272217136397,0,-0.585272217136397,0.585272217136397,3,0,3,"IL33;TREM2;IL36G"
"Otariinae_sampled","Otariinae","B392","Pinniped axis","marine","Ion channels / mechanosensation / membrane signaling",2.15267789040498e-16,2.15267789040498e-16,0,2.15267789040498e-16,2,2,0,"KCNK18;CALHM1"
"Otariinae_sampled","Otariinae","B392","Pinniped axis","marine","Membrane trafficking / ER / vesicle processing",0.336680008826416,0.358659104661164,-0.0219790958347479,0.380638200495912,4,2,2,"ESYT3;APH1B;ATG2A;BAK1"
"Otariinae_sampled","Otariinae","B392","Pinniped axis","marine","Metabolism / redox / lipid handling",0.387311847427199,0.51590701241711,-0.128595164989911,0.644502177407021,6,4,2,"PUSL1;IDUA;PNPLA7;FN3K;NUBP2"
"Otariinae_sampled","Otariinae","B392","Pinniped axis","marine","RNA processing / translation / protein homeostasis",0.0289866314329089,0.0328362066883484,-0.00384957525543951,0.0366857819437879,2,1,1,"SF3B3;RARS1"
"Otariinae_sampled","Otariinae","B392","Pinniped axis","marine","Sensory systems",1.13704478411299,1.21308232211218,-0.076037537999196,1.28911986011138,6,5,1,"OMP;OR52W1;RDH12;OR6B1;STMN4"
"Otariinae_sampled","Otariinae","B392","Pinniped axis","marine","Transport / endocytic / epithelial solute handling",-0.11475146483629,0,-0.11475146483629,0.11475146483629,2,0,2,"SLC28A1;SLC2A7"
"Otariinae_sampled","Otariinae","B392","Pinniped axis","marine","Unassigned / low-confidence",0.00175838882558691,0.228468308757952,-0.226709919932365,0.455178228690317,5,3,2,"FAM234A;CAPN13;CTD_3088G3;RTL4;NKPD1"
"Otariinae_sampled","Otariinae","B392","Pinniped axis","marine","Vascular / hematologic regulation",1.89019751783832,1.89019751783832,0,1.89019751783832,7,7,0,"EPOR;HIGD1B;F11;HGFAC;KEL"
"Otarioidea","Otarioidea","B394","Pinniped axis","binary_aquatic_dependence","Cilia / flagella / reproductive-cell function",0.0644775899937439,0.20760634079158,-0.143128750797836,0.350735091589415,6,4,2,"CATSPERZ;CATSPERG;DEUP1;WDR93;SPEF2"
"Otarioidea","Otarioidea","B394","Pinniped axis","binary_aquatic_dependence","Cytoskeletal / muscle / ECM / adhesion",-0.333505587900153,0.169166693430061,-0.502672281330214,0.671838974760275,10,3,7,"CORO2A;SYDE1;CLASP2;SYNPO2;SEPTIN5"
"Otarioidea","Otarioidea","B394","Pinniped axis","binary_aquatic_dependence","DNA repair / chromatin / cell-cycle",-0.380316624413378,0.0160281054012733,-0.396344729814651,0.412372835215924,7,2,5,"ATF7IP2;KIF18A;H1_8;COMMD4;C1orf112"
"Otarioidea","Otarioidea","B394","Pinniped axis","binary_aquatic_dependence","Developmental / transcriptional signaling regulators",-0.181426020516398,0.426156328913565,-0.607582349429963,1.03373867834353,13,6,7,"FAM20B;PMIS2;TTC28;TIGD7;KEAP1"
"Otarioidea","Otarioidea","B394","Pinniped axis","binary_aquatic_dependence","Endocrine / circadian / systemic regulation",0.918668738100525,1.02567807598877,-0.107009337888241,1.13268741387701,4,1,3,"PER1;GCKR;CASTOR1;ASMTL"
"Otarioidea","Otarioidea","B394","Pinniped axis","binary_aquatic_dependence","Epithelial / body-surface interface",0.18821034412912,0.29173258988146,-0.10352224575234,0.3952548356338,7,3,4,"SDR9C7;PRSS53;TGM1;TGM3;CDHR4"
"Otarioidea","Otarioidea","B394","Pinniped axis","binary_aquatic_dependence","Immune / inflammatory regulation",0.247957394654752,0.306263433774882,-0.0583060391201299,0.364569472895012,6,2,4,"NLRP8;SIGIRR;CSMD1;IL33;MEFV"
"Otarioidea","Otarioidea","B394","Pinniped axis","binary_aquatic_dependence","Ion channels / mechanosensation / membrane signaling",0.811399611030276,0.83059697772511,-0.0191973666948339,0.849794344419944,6,5,1,"CACNA1G;KCNK18;PIEZO1;PI4KA;NOXO1"
"Otarioidea","Otarioidea","B394","Pinniped axis","binary_aquatic_dependence","Membrane trafficking / ER / vesicle processing",-0.195842564758359,0.0766587500973965,-0.272501314855755,0.349160064953152,4,3,1,"SYTL5;CLTCL1;LLGL1;SEC61A2"
"Otarioidea","Otarioidea","B394","Pinniped axis","binary_aquatic_dependence","Metabolism / redox / lipid handling",0.0136312837629003,0.587543171885824,-0.573911888122924,1.16145506000875,17,8,9,"PFKP;PNPLA7;PUSL1;KMO;EHHADH"
"Otarioidea","Otarioidea","B394","Pinniped axis","binary_aquatic_dependence","RNA processing / translation / protein homeostasis",0.010864959484548,0.010864959484548,0,0.010864959484548,1,1,0,"CCDC174"
"Otarioidea","Otarioidea","B394","Pinniped axis","binary_aquatic_dependence","Sensory systems",-0.159110692576082,0.0233880019515142,-0.182498694527596,0.20588669647911,5,1,4,"OR52W1;OR6B1;PDE6C;CNGA4;OMP"
"Otarioidea","Otarioidea","B394","Pinniped axis","binary_aquatic_dependence","Transport / endocytic / epithelial solute handling",-0.463080794362601,0.0161369532568562,-0.479217747619457,0.495354700876313,5,1,4,"SLC5A5;LRP2;SLC6A15;SLC6A6;RHCG"
"Otarioidea","Otarioidea","B394","Pinniped axis","binary_aquatic_dependence","Unassigned / low-confidence",-0.00518873074797626,0.0268248249185207,-0.0320135556664969,0.0588383805850176,5,4,1,"C16orf91;SMCO3;AC092835;PROB1;FP565260"
"Otarioidea","Otarioidea","B394","Pinniped axis","binary_aquatic_dependence","Vascular / hematologic regulation",0.386682107375636,0.411187641217411,-0.0245055338417751,0.435693175059186,5,3,2,"PDGFB;HGFAC;EPOR;CD34;ITGA2B"
"Otarioidea","Otarioidea","B394","Pinniped axis","marine","Cilia / flagella / reproductive-cell function",-0.212265299508372,0.0260893125937949,-0.238354612102167,0.264443924695962,4,2,2,"CATSPERZ;CATSPER4;TOGARAM2;WDR93"
"Otarioidea","Otarioidea","B394","Pinniped axis","marine","Cytoskeletal / muscle / ECM / adhesion",-0.568986396009741,0,-0.568986396009741,0.568986396009741,7,0,7,"SYDE1;MYH13;COL4A1;MYH7B;ACP4"
"Otarioidea","Otarioidea","B394","Pinniped axis","marine","DNA repair / chromatin / cell-cycle",0.305611033591724,0.356677285438593,-0.051066251846869,0.407743537285462,5,4,1,"TPX2;FANCM;POLG;TRIM66;ASH2L"
"Otarioidea","Otarioidea","B394","Pinniped axis","marine","Developmental / transcriptional signaling regulators",-0.139866271930313,0.0647780493284584,-0.204644321258772,0.26942237058723,6,3,2,"HOXD10;ACVR1;VEPH1;SOX7;NR2C2AP"
"Otarioidea","Otarioidea","B394","Pinniped axis","marine","Endocrine / circadian / systemic regulation",0.0635697174681106,0.120634175904629,-0.0570644584365182,0.177698634341147,4,3,1,"CREB3L3;ASMTL;SSTR4;CYP21A2"
"Otarioidea","Otarioidea","B394","Pinniped axis","marine","Epithelial / body-surface interface",-0.12903282496301,0.374070492181018,-0.503103317144028,0.877173809325046,8,3,5,"SDR9C7;KRTDAP;CAPN14;KRT17;TGM1"
"Otarioidea","Otarioidea","B394","Pinniped axis","marine","Immune / inflammatory regulation",-0.10981986742641,0.00403624537058412,-0.113856112796995,0.117892358167579,3,1,2,"IL36G;IL33;TREM2"
"Otarioidea","Otarioidea","B394","Pinniped axis","marine","Ion channels / mechanosensation / membrane signaling",0.303595631461082,0.303595631461082,0,0.303595631461082,2,2,0,"KCNK18;CALHM1"
"Otarioidea","Otarioidea","B394","Pinniped axis","marine","Membrane trafficking / ER / vesicle processing",0.209301794486311,0.235838004082735,-0.0265362095964246,0.26237421367916,4,3,1,"ESYT3;BAK1;APH1B;ATG2A"
"Otarioidea","Otarioidea","B394","Pinniped axis","marine","Metabolism / redox / lipid handling",0.253906936103803,0.31160676467651,-0.0576998285727072,0.369306593249217,6,5,1,"PUSL1;PNPLA7;FN3K;IDUA;NUBP2"
"Otarioidea","Otarioidea","B394","Pinniped axis","marine","RNA processing / translation / protein homeostasis",-0.0181861738391031,0.0529698235730466,-0.0711559974121497,0.124125820985196,2,1,1,"RARS1;SF3B3"
"Otarioidea","Otarioidea","B394","Pinniped axis","marine","Sensory systems",-0.215652330245786,0.0197853316992841,-0.23543766194507,0.255222993644355,6,4,2,"OR52W1;OR6B1;RDH12;STMN4;OR10G3"
"Otarioidea","Otarioidea","B394","Pinniped axis","marine","Transport / endocytic / epithelial solute handling",0.056033549454825,0.0560335494548255,-4.79583060256912e-16,0.056033549454826,2,1,1,"SLC28A1;SLC2A7"
"Otarioidea","Otarioidea","B394","Pinniped axis","marine","Unassigned / low-confidence",0.0551100082426255,0.177280360824331,-0.122170352581706,0.299450713406037,5,2,3,"NKPD1;CAPN13;RTL4;CTD_3088G3;FAM234A"
"Otarioidea","Otarioidea","B394","Pinniped axis","marine","Vascular / hematologic regulation",0.712341234051697,0.762587721777009,-0.0502464877253118,0.812834209502321,7,5,2,"EPOR;HGFAC;F11;HIGD1B;CD34"
"Phocidae","Phocidae","B409","Pinniped axis","binary_aquatic_dependence","Cilia / flagella / reproductive-cell function",-0.155451025962994,0.253008802678987,-0.408459828641981,0.661468631320967,6,3,3,"WDR93;CATSPERG;DEUP1;CATSPERZ;TOGARAM2"
"Phocidae","Phocidae","B409","Pinniped axis","binary_aquatic_dependence","Cytoskeletal / muscle / ECM / adhesion",0.642804393509469,0.733928353440948,-0.0911239599314794,0.825052313372428,10,9,1,"SYDE1;DBNL;CORO2A;CLASP2;SYNPO2"
"Phocidae","Phocidae","B409","Pinniped axis","binary_aquatic_dependence","DNA repair / chromatin / cell-cycle",0.270459798664027,0.570220414182962,-0.299760615518934,0.869981029701896,7,4,3,"ATF7IP2;KIF18A;H1_8;C1orf112;COMMD4"
"Phocidae","Phocidae","B409","Pinniped axis","binary_aquatic_dependence","Developmental / transcriptional signaling regulators",-0.0282463080909298,0.607158504732828,-0.635404812823758,1.24256331755659,13,7,6,"PMIS2;FAM20B;FZD5;KEAP1;TTC28"
"Phocidae","Phocidae","B409","Pinniped axis","binary_aquatic_dependence","Endocrine / circadian / systemic regulation",1.01456136669811,1.0825199184055,-0.0679585517073964,1.1504784701129,4,3,1,"PER1;CASTOR1;GCKR;ASMTL"
"Phocidae","Phocidae","B409","Pinniped axis","binary_aquatic_dependence","Epithelial / body-surface interface",3.31719972052558,3.76077342754812,-0.443573707022542,4.20434713457067,7,3,4,"TGM3;SDR9C7;PRSS53;CDHR4;TGM1"
"Phocidae","Phocidae","B409","Pinniped axis","binary_aquatic_dependence","Immune / inflammatory regulation",-0.0247303890863527,0.285416284188908,-0.31014667327526,0.595562957464168,6,3,3,"XCR1;NLRP8;SIGIRR;MEFV;CSMD1"
"Phocidae","Phocidae","B409","Pinniped axis","binary_aquatic_dependence","Ion channels / mechanosensation / membrane signaling",0.480691002651945,0.480691002651945,0,0.480691002651945,6,6,0,"CACNA1G;KCNK18;PIEZO1;PI4KA;NOXO1"
"Phocidae","Phocidae","B409","Pinniped axis","binary_aquatic_dependence","Membrane trafficking / ER / vesicle processing",0.714429602433857,0.714429602433857,0,0.714429602433857,4,4,0,"SYTL5;SEC61A2;CLTCL1;LLGL1"
"Phocidae","Phocidae","B409","Pinniped axis","binary_aquatic_dependence","Metabolism / redox / lipid handling",0.130731006975225,0.959358011384148,-0.828627004408923,1.78798501579307,17,10,7,"ACADSB;FN3K;PUSL1;PNPLA7;GGTLC1"
"Phocidae","Phocidae","B409","Pinniped axis","binary_aquatic_dependence","RNA processing / translation / protein homeostasis",0.00505054166934623,0.00505054166934623,0,0.00505054166934623,1,1,0,"CCDC174"
"Phocidae","Phocidae","B409","Pinniped axis","binary_aquatic_dependence","Sensory systems",0.468851790771661,0.515357747027731,-0.0465059562560694,0.5618637032838,5,4,1,"OMP;OR52W1;OR6B1;PDE6C;CNGA4"
"Phocidae","Phocidae","B409","Pinniped axis","binary_aquatic_dependence","Transport / endocytic / epithelial solute handling",-0.107409684604442,0.0570591823411029,-0.164468866945545,0.221528049286647,5,2,3,"LRP2;SLC5A5;SLC6A6;RHCG;SLC6A15"
"Phocidae","Phocidae","B409","Pinniped axis","binary_aquatic_dependence","Unassigned / low-confidence",-0.416488113057881,0.0126779567142913,-0.429166069772172,0.441844026486463,5,2,3,"C16orf91;PROB1;SMCO3;AC092835;FP565260"
"Phocidae","Phocidae","B409","Pinniped axis","binary_aquatic_dependence","Vascular / hematologic regulation",0.157673330841885,0.204220976416502,-0.0465476455746176,0.25076862199112,5,4,1,"PDGFB;CD34;EPOR;HGFAC;ITGA2B"
"Phocidae","Phocidae","B409","Pinniped axis","marine","Cilia / flagella / reproductive-cell function",-0.178540367512787,0.0448539556706172,-0.223394323183404,0.268248278854021,4,2,2,"WDR93;CATSPERZ;TOGARAM2;CATSPER4"
"Phocidae","Phocidae","B409","Pinniped axis","marine","Cytoskeletal / muscle / ECM / adhesion",1.47931292617967,1.51234861716298,-0.0330356909833142,1.54538430814629,7,6,1,"SYDE1;MYH7B;ACP4;DBNL;COL20A1"
"Phocidae","Phocidae","B409","Pinniped axis","marine","DNA repair / chromatin / cell-cycle",0.385213567786173,0.477696285081828,-0.0924827172956544,0.570179002377482,5,4,1,"TPX2;TRIM66;POLG;FANCM;ASH2L"
"Phocidae","Phocidae","B409","Pinniped axis","marine","Developmental / transcriptional signaling regulators",-0.301868662181984,0.0115229246610571,-0.313391586843041,0.324914511504098,6,1,4,"HOXD10;VEPH1;ACVR1;NR2C2AP;SOX7"
"Phocidae","Phocidae","B409","Pinniped axis","marine","Endocrine / circadian / systemic regulation",0.479484038783659,0.502229363512152,-0.0227453247284924,0.524974688240644,4,3,1,"ASMTL;SSTR4;CREB3L3;CYP21A2"
"Phocidae","Phocidae","B409","Pinniped axis","marine","Epithelial / body-surface interface",2.06267279056776,2.80765215223196,-0.744979361664202,3.55263151389616,8,5,3,"TGM3;SDR9C7;KRTDAP;KRT17;CAPN14"
"Phocidae","Phocidae","B409","Pinniped axis","marine","Immune / inflammatory regulation",-0.3011322306296,0.0171798211846429,-0.318312051814243,0.335491872998885,3,1,2,"TREM2;IL36G;IL33"
"Phocidae","Phocidae","B409","Pinniped axis","marine","Ion channels / mechanosensation / membrane signaling",0.338792566919067,0.360445426775523,-0.0216528598564558,0.382098286631979,2,1,1,"KCNK18;CALHM1"
"Phocidae","Phocidae","B409","Pinniped axis","marine","Membrane trafficking / ER / vesicle processing",0.146876139583619,0.169690555294656,-0.0228144157110369,0.192504971005693,4,3,1,"APH1B;ESYT3;ATG2A;BAK1"
"Phocidae","Phocidae","B409","Pinniped axis","marine","Metabolism / redox / lipid handling",0.247791815626495,0.448190157497236,-0.200398341870742,0.648588499367978,6,3,3,"FN3K;PUSL1;PNPLA7;IDUA;DCXR"
"Phocidae","Phocidae","B409","Pinniped axis","marine","RNA processing / translation / protein homeostasis",-0.179459607157646,0,-0.179459607157646,0.179459607157646,2,0,2,"RARS1;SF3B3"
"Phocidae","Phocidae","B409","Pinniped axis","marine","Sensory systems",0.707502385393282,0.750510396935595,-0.0430080115423129,0.793518408477907,6,4,2,"OMP;OR52W1;OR10G3;OR6B1;STMN4"
"Phocidae","Phocidae","B409","Pinniped axis","marine","Transport / endocytic / epithelial solute handling",0.0412326790776356,0.041232679077636,-4.79583060256912e-16,0.0412326790776365,2,1,1,"SLC28A1;SLC2A7"
"Phocidae","Phocidae","B409","Pinniped axis","marine","Unassigned / low-confidence",0.483943471964844,0.526220468799903,-0.0422769968350581,0.568497465634961,5,4,1,"NKPD1;RTL4;CAPN13;FAM234A;CTD_3088G3"
"Phocidae","Phocidae","B409","Pinniped axis","marine","Vascular / hematologic regulation",0.470248284718025,0.572847995438821,-0.102599710720795,0.675447706159616,7,6,1,"EPOR;HIGD1B;CD34;F11;KEL"
"Pinnipedia","Crown Pinnipedia","B410","Pinniped axis","binary_aquatic_dependence","Cilia / flagella / reproductive-cell function",-0.0801473963594704,0.2141004800353,-0.294247876394771,0.508348356430071,6,3,3,"WDR93;CATSPERG;CATSPERZ;DEUP1;SPEF2"
"Pinnipedia","Crown Pinnipedia","B410","Pinniped axis","binary_aquatic_dependence","Cytoskeletal / muscle / ECM / adhesion",-0.0572475588046514,0.162237620697933,-0.219485179502584,0.381722800200518,10,6,4,"SYNPO2;DBNL;SYDE1;SEPTIN5;MSN"
"Pinnipedia","Crown Pinnipedia","B410","Pinniped axis","binary_aquatic_dependence","DNA repair / chromatin / cell-cycle",0.204407684317725,0.390675521367212,-0.186267837049488,0.5769433584167,7,5,2,"ATF7IP2;KIF18A;H1_8;C1orf112;LRIF1"
"Pinnipedia","Crown Pinnipedia","B410","Pinniped axis","binary_aquatic_dependence","Developmental / transcriptional signaling regulators",-0.197781589554429,0.695699693185268,-0.893481282739697,1.58918097592496,13,7,6,"PMIS2;KEAP1;TTC28;FAM13A;NWD1"
"Pinnipedia","Crown Pinnipedia","B410","Pinniped axis","binary_aquatic_dependence","Endocrine / circadian / systemic regulation",0.784734718767837,0.927878142638972,-0.143143423871135,1.07102156651011,4,3,1,"PER1;GCKR;CASTOR1;ASMTL"
"Pinnipedia","Crown Pinnipedia","B410","Pinniped axis","binary_aquatic_dependence","Epithelial / body-surface interface",-0.32631735653364,0.0253333264879244,-0.351650683021565,0.376984009509489,7,3,4,"TGM3;SDR9C7;PRSS53;SPINT4;CDHR4"
"Pinnipedia","Crown Pinnipedia","B410","Pinniped axis","binary_aquatic_dependence","Immune / inflammatory regulation",0.186819280958263,0.240484744383376,-0.0536654634251129,0.294150207808489,6,4,2,"NLRP8;XCR1;SIGIRR;MEFV;CSMD1"
"Pinnipedia","Crown Pinnipedia","B410","Pinniped axis","binary_aquatic_dependence","Ion channels / mechanosensation / membrane signaling",0.569809714840518,0.658006562560292,-0.0881968477197735,0.746203410280065,6,3,3,"CACNA1G;PI4KA;KCNK18;PIEZO1;NOXO1"
"Pinnipedia","Crown Pinnipedia","B410","Pinniped axis","binary_aquatic_dependence","Membrane trafficking / ER / vesicle processing",0.139217127595329,0.214628954928207,-0.0754118273328781,0.290040782261085,4,3,1,"SYTL5;CLTCL1;SEC61A2;LLGL1"
"Pinnipedia","Crown Pinnipedia","B410","Pinniped axis","binary_aquatic_dependence","Metabolism / redox / lipid handling",-0.268768824044333,0.422525483397323,-0.691294307441656,1.11381979083898,17,5,12,"PFKP;NUBP2;PUSL1;FN3K;ABHD8"
"Pinnipedia","Crown Pinnipedia","B410","Pinniped axis","binary_aquatic_dependence","RNA processing / translation / protein homeostasis",0.00660360337682387,0.00660360337682387,0,0.00660360337682387,1,1,0,"CCDC174"
"Pinnipedia","Crown Pinnipedia","B410","Pinniped axis","binary_aquatic_dependence","Sensory systems",0.026958640566047,0.145300565982152,-0.118341925416105,0.263642491398256,5,2,3,"OR52W1;OMP;CNGA4;OR6B1;PDE6C"
"Pinnipedia","Crown Pinnipedia","B410","Pinniped axis","binary_aquatic_dependence","Transport / endocytic / epithelial solute handling",0.0526483142466642,0.194262521199705,-0.141614206953041,0.335876728152746,5,2,3,"SLC5A5;SLC6A6;SLC6A15;LRP2;RHCG"
"Pinnipedia","Crown Pinnipedia","B410","Pinniped axis","binary_aquatic_dependence","Unassigned / low-confidence",-0.375478667950794,0.0209601167323096,-0.396438784683103,0.417398901415413,5,1,4,"C16orf91;SMCO3;AC092835;PROB1;FP565260"
"Pinnipedia","Crown Pinnipedia","B410","Pinniped axis","binary_aquatic_dependence","Vascular / hematologic regulation",0.110564499590431,0.162718311026653,-0.0521538114362222,0.214872122462875,5,4,1,"HGFAC;PDGFB;EPOR;CD34;ITGA2B"
"Pinnipedia","Crown Pinnipedia","B410","Pinniped axis","marine","Cilia / flagella / reproductive-cell function",-0.0730495264082717,0.103830011765873,-0.176879538174145,0.280709549940019,4,1,3,"WDR93;CATSPERZ;CATSPER4;TOGARAM2"
"Pinnipedia","Crown Pinnipedia","B410","Pinniped axis","marine","Cytoskeletal / muscle / ECM / adhesion",0.047231192597946,0.211764236281982,-0.164533043684036,0.376297279966018,7,4,3,"DBNL;SYDE1;COL4A1;ACP4;MYH7B"
"Pinnipedia","Crown Pinnipedia","B410","Pinniped axis","marine","DNA repair / chromatin / cell-cycle",0.327675084589287,0.589720985352387,-0.262045900763099,0.851766886115486,5,3,2,"TPX2;TRIM66;FANCM;POLG;ASH2L"
"Pinnipedia","Crown Pinnipedia","B410","Pinniped axis","marine","Developmental / transcriptional signaling regulators",-0.219609586505935,0.0205241048931523,-0.240133691399087,0.26065779629224,6,2,3,"HOXD10;VEPH1;NR2C2AP;SOX7;ACVR1"
"Pinnipedia","Crown Pinnipedia","B410","Pinniped axis","marine","Endocrine / circadian / systemic regulation",-0.00609840966139051,0.110208347495041,-0.116306757156431,0.226515104651472,4,2,2,"ASMTL;SSTR4;CYP21A2;CREB3L3"
"Pinnipedia","Crown Pinnipedia","B410","Pinniped axis","marine","Epithelial / body-surface interface",-0.130389616825778,0.189444653616815,-0.319834270442593,0.509278924059408,8,5,3,"SDR9C7;KRT17;TGM3;ALOX12B;CAPN14"
"Pinnipedia","Crown Pinnipedia","B410","Pinniped axis","marine","Immune / inflammatory regulation",-0.173159495878097,0,-0.173159495878097,0.173159495878097,3,0,3,"TREM2;IL36G;IL33"
"Pinnipedia","Crown Pinnipedia","B410","Pinniped axis","marine","Ion channels / mechanosensation / membrane signaling",-0.243427136491989,0,-0.243427136491989,0.243427136491989,2,0,2,"KCNK18;CALHM1"
"Pinnipedia","Crown Pinnipedia","B410","Pinniped axis","marine","Membrane trafficking / ER / vesicle processing",0.111941703184687,0.111941703184687,0,0.111941703184687,4,4,0,"APH1B;ESYT3;BAK1;ATG2A"
"Pinnipedia","Crown Pinnipedia","B410","Pinniped axis","marine","Metabolism / redox / lipid handling",0.0485180807537351,0.163299639319149,-0.114781558565414,0.278081197884563,6,3,3,"PUSL1;FN3K;NUBP2;IDUA;DCXR"
"Pinnipedia","Crown Pinnipedia","B410","Pinniped axis","marine","RNA processing / translation / protein homeostasis",0.0750938708451738,0.0756751605465471,-0.000581289701373323,0.0762564502479205,2,1,1,"RARS1;SF3B3"
"Pinnipedia","Crown Pinnipedia","B410","Pinniped axis","marine","Sensory systems",-0.0609394041627628,0.155215704940285,-0.216155109103048,0.371370814043332,6,1,5,"OR52W1;OMP;RDH12;OR6B1;OR10G3"
"Pinnipedia","Crown Pinnipedia","B410","Pinniped axis","marine","Transport / endocytic / epithelial solute handling",0.0288529920926524,0.0288529920926529,-4.79583060256912e-16,0.0288529920926534,2,1,1,"SLC28A1;SLC2A7"
"Pinnipedia","Crown Pinnipedia","B410","Pinniped axis","marine","Unassigned / low-confidence",-0.258264422307192,0.000914716402033159,-0.259179138709225,0.260093855111258,5,1,4,"FAM234A;NKPD1;CAPN13;CTD_3088G3;RTL4"
"Pinnipedia","Crown Pinnipedia","B410","Pinniped axis","marine","Vascular / hematologic regulation",0.605717673819481,0.708149691855902,-0.10243201803642,0.810581709892322,7,5,2,"EPOR;CD34;HIGD1B;HGFAC;F11"
"Sirenia","Sirenia","B26","Sirenian / edge context","binary_aquatic_dependence","Cilia / flagella / reproductive-cell function",-0.00300491505790212,0.302208328716218,-0.30521324377412,0.607421572490339,6,2,4,"WDR93;SPEF2;CATSPERG;CATSPERZ;DEUP1"
"Sirenia","Sirenia","B26","Sirenian / edge context","binary_aquatic_dependence","Cytoskeletal / muscle / ECM / adhesion",-0.0920892310326355,0.177750397092955,-0.269839628125591,0.447590025218546,10,6,4,"CLASP2;SYNPO2;CORO2A;DBNL;COL20A1"
"Sirenia","Sirenia","B26","Sirenian / edge context","binary_aquatic_dependence","DNA repair / chromatin / cell-cycle",0.716517018763599,0.716517018763599,0,0.716517018763599,7,7,0,"ATF7IP2;C1orf112;H1_8;KIF18A;CDC14B"
"Sirenia","Sirenia","B26","Sirenian / edge context","binary_aquatic_dependence","Developmental / transcriptional signaling regulators",-0.313946076202262,0.187703634622257,-0.501649710824519,0.689353345446775,13,5,8,"FAM13A;KEAP1;NWD1;TTC28;FAM20B"
"Sirenia","Sirenia","B26","Sirenian / edge context","binary_aquatic_dependence","Endocrine / circadian / systemic regulation",0.127183525889263,0.299415351244174,-0.172231825354911,0.471647176599084,4,2,2,"PER1;GCKR;CASTOR1;ASMTL"
"Sirenia","Sirenia","B26","Sirenian / edge context","binary_aquatic_dependence","Epithelial / body-surface interface",1.85038715012469,1.9035970091662,-0.0532098590415067,1.95680686820771,7,5,2,"TGM3;SDR9C7;PRSS53;TGM1;CDHR4"
"Sirenia","Sirenia","B26","Sirenian / edge context","binary_aquatic_dependence","Immune / inflammatory regulation",0.370579941728384,0.58836020131125,-0.217780259582865,0.806140460894115,6,2,4,"IL33;XCR1;SIGIRR;MEFV;CSMD1"
"Sirenia","Sirenia","B26","Sirenian / edge context","binary_aquatic_dependence","Ion channels / mechanosensation / membrane signaling",-0.146570137749086,4.13164830791634e-17,-0.146570137749086,0.146570137749086,6,1,5,"PI4KA;CACNA1G;PIEZO1;IP6K1;KCNK18"
"Sirenia","Sirenia","B26","Sirenian / edge context","binary_aquatic_dependence","Membrane trafficking / ER / vesicle processing",-0.161686740559408,0.0084975134876144,-0.170184254047022,0.178681767534637,4,1,3,"SYTL5;SEC61A2;LLGL1;CLTCL1"
"Sirenia","Sirenia","B26","Sirenian / edge context","binary_aquatic_dependence","Metabolism / redox / lipid handling",-0.72575380062058,0.202205674134387,-0.927959474754967,1.13016514888935,17,6,11,"NUBP2;ACADSB;PUSL1;FN3K;PFKP"
"Sirenia","Sirenia","B26","Sirenian / edge context","binary_aquatic_dependence","RNA processing / translation / protein homeostasis",0.00298518506177344,0.00298518506177344,0,0.00298518506177344,1,1,0,"CCDC174"
"Sirenia","Sirenia","B26","Sirenian / edge context","binary_aquatic_dependence","Sensory systems",-0.0200171874444908,0.024155790727611,-0.0441729781721018,0.0683287688997127,5,2,3,"OR52W1;CNGA4;OR6B1;PDE6C;OMP"
"Sirenia","Sirenia","B26","Sirenian / edge context","binary_aquatic_dependence","Transport / endocytic / epithelial solute handling",0.112475903185256,0.466210475554852,-0.353734572369596,0.819945047924448,5,3,2,"LRP2;SLC5A5;SLC6A15;SLC6A6;RHCG"
"Sirenia","Sirenia","B26","Sirenian / edge context","binary_aquatic_dependence","Unassigned / low-confidence",0.0393226212971507,0.0821800786309439,-0.0428574573337931,0.125037535964737,5,3,2,"C16orf91;AC092835;PROB1;SMCO3;FP565260"
"Sirenia","Sirenia","B26","Sirenian / edge context","binary_aquatic_dependence","Vascular / hematologic regulation",-0.36852546556378,0,-0.36852546556378,0.36852546556378,5,0,5,"PDGFB;CD34;HGFAC;EPOR;ITGA2B"
"Sirenia","Sirenia","B26","Sirenian / edge context","marine","Cilia / flagella / reproductive-cell function",0.207933500446248,0.233673020237666,-0.0257395197914179,0.259412540029084,4,3,1,"WDR93;CATSPERZ;TOGARAM2;CATSPER4"
"Sirenia","Sirenia","B26","Sirenian / edge context","marine","Cytoskeletal / muscle / ECM / adhesion",0.0887947562782223,0.168049025413452,-0.07925426913523,0.247303294548682,7,4,3,"COL20A1;MYH7B;DBNL;COL4A1;ACP4"
"Sirenia","Sirenia","B26","Sirenian / edge context","marine","DNA repair / chromatin / cell-cycle",-0.445502502385537,0,-0.445502502385537,0.445502502385537,5,0,5,"TPX2;TRIM66;POLG;FANCM;ASH2L"
"Sirenia","Sirenia","B26","Sirenian / edge context","marine","Developmental / transcriptional signaling regulators",-0.13443838604586,0.200292806467962,-0.334731192513822,0.535023998981784,6,3,3,"VEPH1;HOXD10;NR2C2AP;RNF224;SOX7"
"Sirenia","Sirenia","B26","Sirenian / edge context","marine","Endocrine / circadian / systemic regulation",-0.18275101355289,1.70497688762187e-16,-0.18275101355289,0.18275101355289,4,1,3,"CREB3L3;CYP21A2;SSTR4;ASMTL"
"Sirenia","Sirenia","B26","Sirenian / edge context","marine","Epithelial / body-surface interface",2.0714809692122,2.0714809692122,-2.10621950184151e-16,2.0714809692122,8,7,1,"TGM3;SDR9C7;KRTDAP;ALOX12B;KRT17"
"Sirenia","Sirenia","B26","Sirenian / edge context","marine","Immune / inflammatory regulation",0.402688084101795,0.420859675517741,-0.0181715914159453,0.439031266933686,3,2,1,"IL33;TREM2;IL36G"
"Sirenia","Sirenia","B26","Sirenian / edge context","marine","Ion channels / mechanosensation / membrane signaling",-0.0417372857815343,1.87759583689272e-16,-0.0417372857815345,0.0417372857815347,2,1,1,"CALHM1;KCNK18"
"Sirenia","Sirenia","B26","Sirenian / edge context","marine","Membrane trafficking / ER / vesicle processing",-0.329211541172831,0,-0.329211541172831,0.329211541172831,4,0,4,"APH1B;ATG2A;BAK1;ESYT3"
"Sirenia","Sirenia","B26","Sirenian / edge context","marine","Metabolism / redox / lipid handling",-0.385557427903751,0.0102506289656351,-0.395808056869386,0.406058685835021,6,1,5,"PUSL1;FN3K;NUBP2;IDUA;PNPLA7"
"Sirenia","Sirenia","B26","Sirenian / edge context","marine","RNA processing / translation / protein homeostasis",-0.0111515433946501,0.0114143190235499,-0.0225658624182,0.0339801814417499,2,1,1,"SF3B3;RARS1"
"Sirenia","Sirenia","B26","Sirenian / edge context","marine","Sensory systems",-0.0653020587340771,0.00162915252821267,-0.0669312112622898,0.0685603637905025,6,2,4,"OR52W1;RDH12;OR6B1;OR10G3;OMP"
"Sirenia","Sirenia","B26","Sirenian / edge context","marine","Transport / endocytic / epithelial solute handling",0.0332854490563293,0.0332854490563293,0,0.0332854490563293,2,2,0,"SLC2A7;SLC28A1"
"Sirenia","Sirenia","B26","Sirenian / edge context","marine","Unassigned / low-confidence",-0.0675959176963701,0.0436223333207318,-0.111218251017102,0.154840584337834,5,2,3,"FAM234A;RTL4;CAPN13;CTD_3088G3;NKPD1"
"Sirenia","Sirenia","B26","Sirenian / edge context","marine","Vascular / hematologic regulation",-0.886519797679489,0.0419325560498902,-0.928452353729379,0.970384909779269,7,1,6,"EPOR;CD34;F11;HGFAC;KEL"
"Ursus_arctos_plus_Ursus_maritimus","Brown bear + polar bear","B349","Sirenian / edge context","binary_aquatic_dependence","Cilia / flagella / reproductive-cell function",1.51855391395434,1.68229957803658,-0.163745664082244,1.84604524211883,6,4,2,"WDR93;CATSPERG;CATSPERZ;SPEF2;TOGARAM2"
"Ursus_arctos_plus_Ursus_maritimus","Brown bear + polar bear","B349","Sirenian / edge context","binary_aquatic_dependence","Cytoskeletal / muscle / ECM / adhesion",0.0760404679034586,0.526028060164192,-0.449987592260734,0.976015652424926,10,4,6,"DBNL;CLASP2;SYNPO2;MSN;COL20A1"
"Ursus_arctos_plus_Ursus_maritimus","Brown bear + polar bear","B349","Sirenian / edge context","binary_aquatic_dependence","DNA repair / chromatin / cell-cycle",-0.131945115116605,0.287725734669482,-0.419670849786087,0.707396584455569,7,3,4,"ATF7IP2;C1orf112;KIF18A;H1_8;CDC14B"
"Ursus_arctos_plus_Ursus_maritimus","Brown bear + polar bear","B349","Sirenian / edge context","binary_aquatic_dependence","Developmental / transcriptional signaling regulators",-0.996943949720159,1.12823890011585,-2.12518284983601,3.25342174995186,13,6,7,"NWD1;FAM13A;PMIS2;KEAP1;RAC3"
"Ursus_arctos_plus_Ursus_maritimus","Brown bear + polar bear","B349","Sirenian / edge context","binary_aquatic_dependence","Endocrine / circadian / systemic regulation",-1.89436766762248,0.00298163015551679,-1.897349297778,1.90033092793351,4,1,3,"PER1;GCKR;CASTOR1;ASMTL"
"Ursus_arctos_plus_Ursus_maritimus","Brown bear + polar bear","B349","Sirenian / edge context","binary_aquatic_dependence","Epithelial / body-surface interface",-1.88208023117624,0.250429219550075,-2.13250945072631,2.38293867027639,7,3,4,"TGM3;SDR9C7;CDHR4;SPINT4;TGM1"
"Ursus_arctos_plus_Ursus_maritimus","Brown bear + polar bear","B349","Sirenian / edge context","binary_aquatic_dependence","Immune / inflammatory regulation",-0.515524406172436,0.190096703645365,-0.705621109817801,0.895717813463166,6,2,4,"IL33;NLRP8;MEFV;CSMD1;XCR1"
"Ursus_arctos_plus_Ursus_maritimus","Brown bear + polar bear","B349","Sirenian / edge context","binary_aquatic_dependence","Ion channels / mechanosensation / membrane signaling",-1.33041082570986,0.0180017075363744,-1.34841253324624,1.36641424078261,6,3,3,"CACNA1G;KCNK18;PI4KA;IP6K1;NOXO1"
"Ursus_arctos_plus_Ursus_maritimus","Brown bear + polar bear","B349","Sirenian / edge context","binary_aquatic_dependence","Membrane trafficking / ER / vesicle processing",1.41610525021502,1.41610525021502,0,1.41610525021502,4,4,0,"SYTL5;CLTCL1;SEC61A2;LLGL1"
"Ursus_arctos_plus_Ursus_maritimus","Brown bear + polar bear","B349","Sirenian / edge context","binary_aquatic_dependence","Metabolism / redox / lipid handling",-1.08034582435857,0.686668918440462,-1.76701474279903,2.4536836612395,17,11,6,"ACADSB;PUSL1;GGTLC1;NUBP2;ARSA"
"Ursus_arctos_plus_Ursus_maritimus","Brown bear + polar bear","B349","Sirenian / edge context","binary_aquatic_dependence","RNA processing / translation / protein homeostasis",0.0183396270213322,0.0183396270213322,0,0.0183396270213322,1,1,0,"CCDC174"
"Ursus_arctos_plus_Ursus_maritimus","Brown bear + polar bear","B349","Sirenian / edge context","binary_aquatic_dependence","Sensory systems",-0.549932643381236,0.0214185821547033,-0.57135122553594,0.592769807690643,5,1,4,"OR52W1;OR6B1;CNGA4;PDE6C;OMP"
"Ursus_arctos_plus_Ursus_maritimus","Brown bear + polar bear","B349","Sirenian / edge context","binary_aquatic_dependence","Transport / endocytic / epithelial solute handling",-0.576205307496163,0.132407900999011,-0.708613208495174,0.841021109494185,5,2,3,"LRP2;SLC6A15;SLC6A6;SLC5A5;RHCG"
"Ursus_arctos_plus_Ursus_maritimus","Brown bear + polar bear","B349","Sirenian / edge context","binary_aquatic_dependence","Unassigned / low-confidence",0.257856758944894,0.32028752649757,-0.062430767552676,0.382718294050246,5,2,2,"SMCO3;AC092835;FP565260;PROB1;C16orf91"
"Ursus_arctos_plus_Ursus_maritimus","Brown bear + polar bear","B349","Sirenian / edge context","binary_aquatic_dependence","Vascular / hematologic regulation",0.72936131181935,0.778330843682943,-0.048969531863593,0.827300375546536,5,3,2,"PDGFB;HGFAC;CD34;EPOR;ITGA2B"
"Ursus_arctos_plus_Ursus_maritimus","Brown bear + polar bear","B349","Sirenian / edge context","marine","Cilia / flagella / reproductive-cell function",1.14545102477113,1.14545102477113,0,1.14545102477113,4,4,0,"WDR93;TOGARAM2;CATSPERZ;CATSPER4"
"Ursus_arctos_plus_Ursus_maritimus","Brown bear + polar bear","B349","Sirenian / edge context","marine","Cytoskeletal / muscle / ECM / adhesion",0.57371992163079,1.16768953741952,-0.593969615788733,1.76165915320826,7,4,3,"MYH7B;DBNL;ACP4;MYH13;COL20A1"
"Ursus_arctos_plus_Ursus_maritimus","Brown bear + polar bear","B349","Sirenian / edge context","marine","DNA repair / chromatin / cell-cycle",0.472132701754815,0.831311097491165,-0.359178395736349,1.19048949322751,5,3,2,"TRIM66;FANCM;POLG;TPX2;ASH2L"
"Ursus_arctos_plus_Ursus_maritimus","Brown bear + polar bear","B349","Sirenian / edge context","marine","Developmental / transcriptional signaling regulators",-0.270688103235516,0.0581977965598871,-0.328885899795403,0.38708369635529,6,2,3,"HOXD10;VEPH1;ACVR1;NR2C2AP;SOX7"
"Ursus_arctos_plus_Ursus_maritimus","Brown bear + polar bear","B349","Sirenian / edge context","marine","Endocrine / circadian / systemic regulation",0.223753947562467,0.223753947562468,-1.25722123962997e-15,0.223753947562469,4,3,1,"ASMTL;CREB3L3;CYP21A2;SSTR4"
"Ursus_arctos_plus_Ursus_maritimus","Brown bear + polar bear","B349","Sirenian / edge context","marine","Epithelial / body-surface interface",-1.83632859788751,0.535928011378089,-2.3722566092656,2.90818462064368,8,3,5,"TGM3;SDR9C7;ALOX12B;KRTDAP;CAPN14"
"Ursus_arctos_plus_Ursus_maritimus","Brown bear + polar bear","B349","Sirenian / edge context","marine","Immune / inflammatory regulation",-0.322277386328231,0.142792844412178,-0.465070230740409,0.607863075152586,3,1,2,"IL33;TREM2;IL36G"
"Ursus_arctos_plus_Ursus_maritimus","Brown bear + polar bear","B349","Sirenian / edge context","marine","Ion channels / mechanosensation / membrane signaling",-0.812219780309212,2.75082053512258e-17,-0.812219780309212,0.812219780309212,2,1,1,"KCNK18;CALHM1"
"Ursus_arctos_plus_Ursus_maritimus","Brown bear + polar bear","B349","Sirenian / edge context","marine","Membrane trafficking / ER / vesicle processing",-0.0995790076925211,0.19623259503696,-0.295811602729481,0.492044197766441,4,2,2,"ESYT3;APH1B;BAK1;ATG2A"
"Ursus_arctos_plus_Ursus_maritimus","Brown bear + polar bear","B349","Sirenian / edge context","marine","Metabolism / redox / lipid handling",-0.592640318528053,0.0167811241982375,-0.60942144272629,0.626202566924528,6,1,4,"PUSL1;IDUA;NUBP2;PNPLA7;DCXR"
"Ursus_arctos_plus_Ursus_maritimus","Brown bear + polar bear","B349","Sirenian / edge context","marine","RNA processing / translation / protein homeostasis",-0.508302514738141,0,-0.508302514738141,0.508302514738141,2,0,2,"SF3B3;RARS1"
"Ursus_arctos_plus_Ursus_maritimus","Brown bear + polar bear","B349","Sirenian / edge context","marine","Sensory systems",-0.332085123689293,0.276178479819882,-0.608263603509175,0.884442083329058,6,4,2,"OR52W1;OR10G3;OR6B1;RDH12;STMN4"
"Ursus_arctos_plus_Ursus_maritimus","Brown bear + polar bear","B349","Sirenian / edge context","marine","Transport / endocytic / epithelial solute handling",-0.0744585667015606,0,-0.0744585667015606,0.0744585667015606,2,0,2,"SLC28A1;SLC2A7"
"Ursus_arctos_plus_Ursus_maritimus","Brown bear + polar bear","B349","Sirenian / edge context","marine","Unassigned / low-confidence",-0.10697806290758,0.111460860818621,-0.218438923726201,0.329899784544822,5,2,3,"FAM234A;RTL4;CTD_3088G3;CAPN13;NKPD1"
"Ursus_arctos_plus_Ursus_maritimus","Brown bear + polar bear","B349","Sirenian / edge context","marine","Vascular / hematologic regulation",0.157164989761925,0.614412610926656,-0.45724762116473,1.07166023209139,7,3,4,"HGFAC;HIGD1B;F11;CD34;KEL"
"common_ancestor_Cetacea_plus_Hippopotamus","Cetacea + hippo ancestor","B593","Cetacean axis","binary_aquatic_dependence","Cilia / flagella / reproductive-cell function",-0.570539969366015,0.121429708060693,-0.691969677426708,0.813399385487401,6,3,3,"WDR93;DEUP1;TOGARAM2;CATSPERG;SPEF2"
"common_ancestor_Cetacea_plus_Hippopotamus","Cetacea + hippo ancestor","B593","Cetacean axis","binary_aquatic_dependence","Cytoskeletal / muscle / ECM / adhesion",0.0258467989698005,0.447228482764701,-0.4213816837949,0.868610166559601,10,3,7,"SYDE1;CORO2A;SYNPO2;DBNL;SEPTIN5"
"common_ancestor_Cetacea_plus_Hippopotamus","Cetacea + hippo ancestor","B593","Cetacean axis","binary_aquatic_dependence","DNA repair / chromatin / cell-cycle",0.585504719920586,0.642468845843908,-0.0569641259233218,0.69943297176723,7,3,4,"ATF7IP2;C1orf112;CDC14B;KIF18A;H1_8"
"common_ancestor_Cetacea_plus_Hippopotamus","Cetacea + hippo ancestor","B593","Cetacean axis","binary_aquatic_dependence","Developmental / transcriptional signaling regulators",0.558031419448312,0.874190626294746,-0.316159206846433,1.19034983314118,13,8,5,"FAM13A;NWD1;TTC28;KEAP1;FAM20B"
"common_ancestor_Cetacea_plus_Hippopotamus","Cetacea + hippo ancestor","B593","Cetacean axis","binary_aquatic_dependence","Endocrine / circadian / systemic regulation",-1.42024144868739,0.101658586428917,-1.52190003511631,1.62355862154522,4,2,2,"PER1;CASTOR1;ASMTL;GCKR"
"common_ancestor_Cetacea_plus_Hippopotamus","Cetacea + hippo ancestor","B593","Cetacean axis","binary_aquatic_dependence","Epithelial / body-surface interface",1.90548099346949,2.41037527050031,-0.504894277030817,2.91526954753113,7,5,2,"TGM3;SPINT4;SDR9C7;PRSS53;CDHR4"
"common_ancestor_Cetacea_plus_Hippopotamus","Cetacea + hippo ancestor","B593","Cetacean axis","binary_aquatic_dependence","Immune / inflammatory regulation",0.583776216649497,0.748643919790977,-0.16486770314148,0.913511622932456,6,3,3,"IL33;XCR1;SIGIRR;CSMD1;NLRP8"
"common_ancestor_Cetacea_plus_Hippopotamus","Cetacea + hippo ancestor","B593","Cetacean axis","binary_aquatic_dependence","Ion channels / mechanosensation / membrane signaling",-0.36562807578691,0.0816522914221038,-0.447280367209013,0.528932658631117,6,2,4,"CACNA1G;PI4KA;KCNK18;PIEZO1;NOXO1"
"common_ancestor_Cetacea_plus_Hippopotamus","Cetacea + hippo ancestor","B593","Cetacean axis","binary_aquatic_dependence","Membrane trafficking / ER / vesicle processing",0.266782213007883,0.270335937855271,-0.00355372484738795,0.273889662702659,4,2,2,"SEC61A2;SYTL5;LLGL1;CLTCL1"
"common_ancestor_Cetacea_plus_Hippopotamus","Cetacea + hippo ancestor","B593","Cetacean axis","binary_aquatic_dependence","Metabolism / redox / lipid handling",-0.640259480248614,0.914990905815286,-1.5552503860639,2.47024129187919,17,8,9,"PFKP;GGTLC1;NUBP2;ACADSB;FN3K"
"common_ancestor_Cetacea_plus_Hippopotamus","Cetacea + hippo ancestor","B593","Cetacean axis","binary_aquatic_dependence","RNA processing / translation / protein homeostasis",-0.00067636436796852,0,-0.00067636436796852,0.00067636436796852,1,0,1,"CCDC174"
"common_ancestor_Cetacea_plus_Hippopotamus","Cetacea + hippo ancestor","B593","Cetacean axis","binary_aquatic_dependence","Sensory systems",0.10899520305868,0.250146271527116,-0.141151068468435,0.391297339995551,5,2,3,"OR52W1;OMP;CNGA4;OR6B1;PDE6C"
"common_ancestor_Cetacea_plus_Hippopotamus","Cetacea + hippo ancestor","B593","Cetacean axis","binary_aquatic_dependence","Transport / endocytic / epithelial solute handling",1.97343021120836,2.06219144964021,-0.0887612384318437,2.15095268807205,5,3,2,"LRP2;SLC5A5;SLC6A6;SLC6A15;RHCG"
"common_ancestor_Cetacea_plus_Hippopotamus","Cetacea + hippo ancestor","B593","Cetacean axis","binary_aquatic_dependence","Unassigned / low-confidence",0.125984685546675,0.432759321893155,-0.30677463634648,0.739533958239634,5,4,1,"SMCO3;C16orf91;PROB1;AC092835;FP565260"
"common_ancestor_Cetacea_plus_Hippopotamus","Cetacea + hippo ancestor","B593","Cetacean axis","binary_aquatic_dependence","Vascular / hematologic regulation",0.518989612026399,0.520311399411833,-0.00132178738543418,0.521633186797267,5,4,1,"PDGFB;HGFAC;EPOR;CD34;ITGA2B"
"common_ancestor_Cetacea_plus_Hippopotamus","Cetacea + hippo ancestor","B593","Cetacean axis","marine","Cilia / flagella / reproductive-cell function",-0.494337054888325,0.0458563818719617,-0.540193436760287,0.586049818632248,4,2,2,"WDR93;TOGARAM2;CATSPERZ;CATSPER4"
"common_ancestor_Cetacea_plus_Hippopotamus","Cetacea + hippo ancestor","B593","Cetacean axis","marine","Cytoskeletal / muscle / ECM / adhesion",-1.03770111626083,0.0841518617207267,-1.12185297798155,1.20600483970228,7,1,6,"MYH13;SYDE1;DBNL;COL4A1;MYH7B"
"common_ancestor_Cetacea_plus_Hippopotamus","Cetacea + hippo ancestor","B593","Cetacean axis","marine","DNA repair / chromatin / cell-cycle",-1.27259900964209,0.161922015195437,-1.43452102483753,1.59644304003297,5,1,4,"TPX2;FANCM;POLG;ASH2L;TRIM66"
"common_ancestor_Cetacea_plus_Hippopotamus","Cetacea + hippo ancestor","B593","Cetacean axis","marine","Developmental / transcriptional signaling regulators",0.349400874370248,0.452772956839758,-0.10337208246951,0.556145039309268,6,3,3,"HOXD10;VEPH1;NR2C2AP;ACVR1;RNF224"
"common_ancestor_Cetacea_plus_Hippopotamus","Cetacea + hippo ancestor","B593","Cetacean axis","marine","Endocrine / circadian / systemic regulation",-0.720271009844599,0.0360021519377264,-0.756273161782325,0.792275313720052,4,1,3,"ASMTL;CREB3L3;CYP21A2;SSTR4"
"common_ancestor_Cetacea_plus_Hippopotamus","Cetacea + hippo ancestor","B593","Cetacean axis","marine","Epithelial / body-surface interface",1.84980636103653,2.17985217974841,-0.330045818711881,2.50989799846029,8,5,3,"TGM3;SDR9C7;CAPN14;KRTDAP;KRT17"
"common_ancestor_Cetacea_plus_Hippopotamus","Cetacea + hippo ancestor","B593","Cetacean axis","marine","Immune / inflammatory regulation",0.739727463695868,0.835203742327932,-0.0954762786320642,0.930680020959996,3,2,1,"IL33;IL36G;TREM2"
"common_ancestor_Cetacea_plus_Hippopotamus","Cetacea + hippo ancestor","B593","Cetacean axis","marine","Ion channels / mechanosensation / membrane signaling",-0.00101877206390028,0.161554664615288,-0.162573436679188,0.324128101294477,2,1,1,"CALHM1;KCNK18"
"common_ancestor_Cetacea_plus_Hippopotamus","Cetacea + hippo ancestor","B593","Cetacean axis","marine","Membrane trafficking / ER / vesicle processing",0.100132569162203,0.32927004685369,-0.229137477691486,0.558407524545176,4,2,2,"ATG2A;APH1B;ESYT3;BAK1"
"common_ancestor_Cetacea_plus_Hippopotamus","Cetacea + hippo ancestor","B593","Cetacean axis","marine","Metabolism / redox / lipid handling",-0.0322165031245103,0.171807162389202,-0.204023665513712,0.375830827902914,6,2,4,"FN3K;NUBP2;PNPLA7;IDUA;PUSL1"
"common_ancestor_Cetacea_plus_Hippopotamus","Cetacea + hippo ancestor","B593","Cetacean axis","marine","RNA processing / translation / protein homeostasis",-0.0355832909362984,0.0300509344596286,-0.065634225395927,0.0956851598555555,2,1,1,"RARS1;SF3B3"
"common_ancestor_Cetacea_plus_Hippopotamus","Cetacea + hippo ancestor","B593","Cetacean axis","marine","Sensory systems",0.28299805375352,0.365136227319836,-0.0821381735663161,0.447274400886152,6,2,4,"OR52W1;OMP;OR6B1;OR10G3;RDH12"
"common_ancestor_Cetacea_plus_Hippopotamus","Cetacea + hippo ancestor","B593","Cetacean axis","marine","Transport / endocytic / epithelial solute handling",-0.240767431544436,0,-0.240767431544436,0.240767431544436,2,0,2,"SLC28A1;SLC2A7"
"common_ancestor_Cetacea_plus_Hippopotamus","Cetacea + hippo ancestor","B593","Cetacean axis","marine","Unassigned / low-confidence",0.151414919179112,0.286634149946571,-0.135219230767459,0.42185338071403,5,3,2,"FAM234A;NKPD1;CTD_3088G3;RTL4;CAPN13"
"common_ancestor_Cetacea_plus_Hippopotamus","Cetacea + hippo ancestor","B593","Cetacean axis","marine","Vascular / hematologic regulation",-0.69843039394938,0.503040514599991,-1.20147090854937,1.70451142314936,7,4,3,"F11;EPOR;HIGD1B;HGFAC;KEL"
"crown_Cetacea","Crown Cetacea","B592","Cetacean axis","binary_aquatic_dependence","Cilia / flagella / reproductive-cell function",0.683804561118388,0.683804561118388,0,0.683804561118388,6,6,0,"WDR93;CATSPERZ;SPEF2;DEUP1;CATSPERG"
"crown_Cetacea","Crown Cetacea","B592","Cetacean axis","binary_aquatic_dependence","Cytoskeletal / muscle / ECM / adhesion",-0.0556668550380621,0.0759567356727479,-0.13162359071081,0.207580326383558,10,5,5,"SYNPO2;CORO2A;CLASP2;MSN;DBNL"
"crown_Cetacea","Crown Cetacea","B592","Cetacean axis","binary_aquatic_dependence","DNA repair / chromatin / cell-cycle",0.28508471148389,0.38087054616299,-0.0957858346790996,0.47665638084209,7,6,1,"ATF7IP2;H1_8;KIF18A;C1orf112;CDC14B"
"crown_Cetacea","Crown Cetacea","B592","Cetacean axis","binary_aquatic_dependence","Developmental / transcriptional signaling regulators",-0.0744075490547025,0.233502317168979,-0.307909866223682,0.541412183392661,13,9,4,"KEAP1;TTC28;FZD5;PMIS2;FAM13A"
"crown_Cetacea","Crown Cetacea","B592","Cetacean axis","binary_aquatic_dependence","Endocrine / circadian / systemic regulation",1.42051867675237,1.51085766854988,-0.0903389917975165,1.6011966603474,4,2,2,"PER1;CASTOR1;ASMTL;GCKR"
"crown_Cetacea","Crown Cetacea","B592","Cetacean axis","binary_aquatic_dependence","Epithelial / body-surface interface",3.22535391293872,3.22535391293872,0,3.22535391293872,7,7,0,"TGM3;PRSS53;TGM1;KRTDAP;SDR9C7"
"crown_Cetacea","Crown Cetacea","B592","Cetacean axis","binary_aquatic_dependence","Immune / inflammatory regulation",0.121695101807295,0.204595473249538,-0.0829003714422437,0.287495844691782,6,3,3,"IL33;CSMD1;XCR1;SIGIRR;NLRP8"
"crown_Cetacea","Crown Cetacea","B592","Cetacean axis","binary_aquatic_dependence","Ion channels / mechanosensation / membrane signaling",-0.0728644488319629,0.144952721065193,-0.217817169897156,0.362769890962348,6,4,2,"PI4KA;KCNK18;CACNA1G;PIEZO1;IP6K1"
"crown_Cetacea","Crown Cetacea","B592","Cetacean axis","binary_aquatic_dependence","Membrane trafficking / ER / vesicle processing",-0.281133253314714,0.0425924880544902,-0.323725741369204,0.366318229423695,4,1,3,"SYTL5;SEC61A2;LLGL1;CLTCL1"
"crown_Cetacea","Crown Cetacea","B592","Cetacean axis","binary_aquatic_dependence","Metabolism / redox / lipid handling",-0.496468702817968,0.355571961292695,-0.852040664110664,1.20761262540336,17,7,10,"PUSL1;ACADSB;GGTLC1;ACOX3;FN3K"
"crown_Cetacea","Crown Cetacea","B592","Cetacean axis","binary_aquatic_dependence","RNA processing / translation / protein homeostasis",-0.00110008925007217,0,-0.00110008925007217,0.00110008925007217,1,0,1,"CCDC174"
"crown_Cetacea","Crown Cetacea","B592","Cetacean axis","binary_aquatic_dependence","Sensory systems",0.26584059135355,0.301866256325537,-0.0360256649719869,0.337891921297524,5,3,2,"OR52W1;CNGA4;OMP;OR6B1;PDE6C"
"crown_Cetacea","Crown Cetacea","B592","Cetacean axis","binary_aquatic_dependence","Transport / endocytic / epithelial solute handling",0.0454845371805672,0.254185464596816,-0.208700927416249,0.462886392013065,5,2,3,"SLC6A15;SLC5A5;LRP2;SLC6A6;RHCG"
"crown_Cetacea","Crown Cetacea","B592","Cetacean axis","binary_aquatic_dependence","Unassigned / low-confidence",-0.0106828889474023,0.0982159673845605,-0.108898856331963,0.207114823716523,5,4,1,"C16orf91;SMCO3;AC092835;PROB1;FP565260"
"crown_Cetacea","Crown Cetacea","B592","Cetacean axis","binary_aquatic_dependence","Vascular / hematologic regulation",-0.339440872885371,0.0913793036622799,-0.430820176547651,0.522199480209931,5,1,4,"PDGFB;CD34;HGFAC;EPOR;ITGA2B"
"crown_Cetacea","Crown Cetacea","B592","Cetacean axis","marine","Cilia / flagella / reproductive-cell function",0.427165081682253,0.427165081682253,0,0.427165081682253,4,4,0,"CATSPERZ;WDR93;TOGARAM2;CATSPER4"
"crown_Cetacea","Crown Cetacea","B592","Cetacean axis","marine","Cytoskeletal / muscle / ECM / adhesion",0.126872421633872,0.285756640435231,-0.15888421880136,0.444640859236591,7,4,3,"ACP4;MYH13;COL4A1;DBNL;COL20A1"
"crown_Cetacea","Crown Cetacea","B592","Cetacean axis","marine","DNA repair / chromatin / cell-cycle",0.0952047480815339,0.123642968492718,-0.028438220411184,0.152081188903902,5,3,2,"FANCM;TRIM66;POLG;TPX2;ASH2L"
"crown_Cetacea","Crown Cetacea","B592","Cetacean axis","marine","Developmental / transcriptional signaling regulators",-0.0356028198419807,0.0557697761295281,-0.0913725959715088,0.147142372101037,6,3,3,"RNF224;HOXD10;SOX7;VEPH1;NR2C2AP"
"crown_Cetacea","Crown Cetacea","B592","Cetacean axis","marine","Endocrine / circadian / systemic regulation",0.16608927336529,0.35380177154302,-0.18771249817773,0.54151426972075,4,1,3,"SSTR4;CREB3L3;ASMTL;CYP21A2"
"crown_Cetacea","Crown Cetacea","B592","Cetacean axis","marine","Epithelial / body-surface interface",2.77223705685292,2.77223705685292,-2.89278143946159e-16,2.77223705685292,8,7,1,"TGM3;KRTDAP;TGM1;SDR9C7;KRT17"
"crown_Cetacea","Crown Cetacea","B592","Cetacean axis","marine","Immune / inflammatory regulation",-0.0641689500947012,0.0306500769785181,-0.0948190270732193,0.125469104051737,3,1,2,"IL33;IL36G;TREM2"
"crown_Cetacea","Crown Cetacea","B592","Cetacean axis","marine","Ion channels / mechanosensation / membrane signaling",0.171766046300601,0.171766046300601,0,0.171766046300601,2,2,0,"KCNK18;CALHM1"
"crown_Cetacea","Crown Cetacea","B592","Cetacean axis","marine","Membrane trafficking / ER / vesicle processing",-0.119656618280696,0.0471655098617656,-0.166822128142462,0.213987638004227,4,2,2,"ATG2A;APH1B;ESYT3;BAK1"
"crown_Cetacea","Crown Cetacea","B592","Cetacean axis","marine","Metabolism / redox / lipid handling",-0.590100712381258,4.35108884757173e-05,-0.590144223269733,0.590187734158209,6,1,5,"PUSL1;FN3K;NUBP2;IDUA;PNPLA7"
"crown_Cetacea","Crown Cetacea","B592","Cetacean axis","marine","RNA processing / translation / protein homeostasis",0.0575304806900803,0.0575304806900803,0,0.0575304806900803,2,2,0,"RARS1;SF3B3"
"crown_Cetacea","Crown Cetacea","B592","Cetacean axis","marine","Sensory systems",0.33578674124348,0.388827610861381,-0.0530408696179012,0.441868480479282,6,2,4,"OR52W1;OMP;OR6B1;RDH12;STMN4"
"crown_Cetacea","Crown Cetacea","B592","Cetacean axis","marine","Transport / endocytic / epithelial solute handling",0.148280626949283,0.148280626949283,-4.79583060256912e-16,0.148280626949284,2,1,1,"SLC28A1;SLC2A7"
"crown_Cetacea","Crown Cetacea","B592","Cetacean axis","marine","Unassigned / low-confidence",-0.0831178666940781,0.0471901624936043,-0.130308029187682,0.177498191681287,5,3,2,"FAM234A;CTD_3088G3;CAPN13;RTL4;NKPD1"
"crown_Cetacea","Crown Cetacea","B592","Cetacean axis","marine","Vascular / hematologic regulation",0.202853459440749,0.292198120780261,-0.0893446613395119,0.381542782119773,7,4,3,"CD34;HIGD1B;HGFAC;EPOR;KEL"
