gene	model	lasso_group	gene_set	coef	abs_coef	coefficient_sign	coefficient_direction	axis_x	x	y	size	is_representative_label	shared_x	shared_y	shared_mean_coef	shared_abs_mean_coef	shared_color	shared_coefficient_direction	marine_aquatic_sign_opposite
TGM3	Marine model	shared	Shared aquatic foundation	0.691315381170856	0.691315381170856	positive	fast_direction_higher_rate	-2.85	-2.2787795362734897	71.0	42	True	0.0	95.0	0.866062040184838	0.866062040184838	#8B0000	fast_direction_higher_rate	False
MYH13	Marine model	marine_specific	Marine-specific predictors	0.480299625271563	0.480299625271563	positive	fast_direction_higher_rate	-2.85	-2.453137754275591	70.0	30	True							
KCNK18	Marine model	shared	Shared aquatic foundation	0.43928773003255	0.43928773003255	positive	fast_direction_higher_rate	-2.85	-2.4870250862441856	69.0	30	True	0.0	91.21739130434783	0.328424489119443	0.328424489119443	#8B0000	fast_direction_higher_rate	False
SDR9C7	Marine model	shared	Shared aquatic foundation	0.409389888665918	0.409389888665918	positive	fast_direction_higher_rate	-2.85	-2.5117290914999986	68.0	30	True	0.0	87.43478260869566	0.3147859389870795	0.3147859389870795	#8B0000	fast_direction_higher_rate	False
MYH7B	Marine model	marine_specific	Marine-specific predictors	0.397856553371577	0.397856553371577	positive	fast_direction_higher_rate	-2.85	-2.521258862302999	67.0	30	True							
KRTDAP	Marine model	shared	Shared aquatic foundation	0.386565925079529	0.386565925079529	positive	fast_direction_higher_rate	-2.85	-2.5305880890270216	66.0	30	True	0.0	72.30434782608695	0.21564824850848727	0.21564824850848727	#8B0000	fast_direction_higher_rate	False
ACP4	Marine model	marine_specific	Marine-specific predictors	0.36185377349003	0.36185377349003	positive	fast_direction_higher_rate	-2.85	-2.5510072596040247	65.0	30	True							
OMP	Marine model	shared	Shared aquatic foundation	0.345615697623917	0.345615697623917	positive	fast_direction_higher_rate	-2.85	-2.564424466104707	64.0	30	True	0.0	79.86956521739131	0.2883801206359645	0.2883801206359645	#8B0000	fast_direction_higher_rate	False
CAPN14	Marine model	marine_specific	Marine-specific predictors	0.342438899161804	0.342438899161804	positive	fast_direction_higher_rate	-2.85	-2.5670493929327782	63.0	30	True							
HIGD1B	Marine model	marine_specific	Marine-specific predictors	0.328380050132626	0.328380050132626	positive	fast_direction_higher_rate	-2.85	-2.57866594665144	62.0	30	True							
OR52W1	Marine model	shared	Shared aquatic foundation	0.282799403614638	0.282799403614638	positive	fast_direction_higher_rate	-2.85	-2.6163283490080342	61.0	30	True	0.0	76.08695652173913	0.236742040441452	0.236742040441452	#8B0000	fast_direction_higher_rate	False
HOXD10	Marine model	marine_specific	Marine-specific predictors	0.28020716230031	0.28020716230031	positive	fast_direction_higher_rate	-2.85	-2.6184702676257765	60.0	30	True							
IL33	Marine model	shared	Shared aquatic foundation	0.27044270721607	0.27044270721607	positive	fast_direction_higher_rate	-2.85	-2.6265384470894095	59.0	30	True	0.0	83.65217391304348	0.305240821108544	0.305240821108544	#8B0000	fast_direction_higher_rate	False
NKPD1	Marine model	marine_specific	Marine-specific predictors	0.230941713295598	0.230941713295598	positive	fast_direction_higher_rate	-2.85	-2.659177350662905	58.0	30	True							
KRT17	Marine model	marine_specific	Marine-specific predictors	0.189861649168978	0.189861649168978	positive	fast_direction_higher_rate	-2.85	-2.6931210092584648	57.0	22	True							
IL36G	Marine model	marine_specific	Marine-specific predictors	0.166019839478868	0.166019839478868	positive	fast_direction_higher_rate	-2.85	-2.7128210332391234	56.0	22	True							
ESYT3	Marine model	marine_specific	Marine-specific predictors	0.153832070750976	0.153832070750976	positive	fast_direction_higher_rate	-2.85	-2.722891549669333	55.0	22	False							
ALOX12B	Marine model	marine_specific	Marine-specific predictors	0.149753620737968	0.149753620737968	positive	fast_direction_higher_rate	-2.85	-2.7262614936502843	54.0	22	False							
CALHM1	Marine model	marine_specific	Marine-specific predictors	0.145696679568621	0.145696679568621	positive	fast_direction_higher_rate	-2.85	-2.7296136652917435	53.0	22	False							
SSTR4	Marine model	marine_specific	Marine-specific predictors	0.137940410562783	0.137940410562783	positive	fast_direction_higher_rate	-2.85	-2.7360225196279493	52.0	22	False							
TOGARAM2	Marine model	shared	Shared aquatic foundation	0.129304237042922	0.129304237042922	positive	fast_direction_higher_rate	-2.85	-2.7431584219631215	51.0	22	False	0.0	57.173913043478265	0.08433511001923599	0.08433511001923599	#8B0000	fast_direction_higher_rate	False
SLC28A1	Marine model	marine_specific	Marine-specific predictors	0.128656733732997	0.128656733732997	positive	fast_direction_higher_rate	-2.85	-2.7436934413638663	50.0	22	False							
OR6B1	Marine model	shared	Shared aquatic foundation	0.111781295712533	0.111781295712533	positive	fast_direction_higher_rate	-2.85	-2.7576372878255366	49.0	22	False	0.0	64.73913043478261	0.1164572037554665	0.1164572037554665	#8B0000	fast_direction_higher_rate	False
DBNL	Marine model	shared	Shared aquatic foundation	0.109704318050152	0.109704318050152	positive	fast_direction_higher_rate	-2.85	-2.7593534541018396	48.0	22	False	0.0	60.95652173913044	0.112869856668755	0.112869856668755	#8B0000	fast_direction_higher_rate	False
PNPLA7	Marine model	shared	Shared aquatic foundation	0.10673604147477	0.10673604147477	positive	fast_direction_higher_rate	-2.85	-2.761806083347534	47.0	22	False	0.0	68.52173913043478	0.1223108113755345	0.1223108113755345	#8B0000	fast_direction_higher_rate	False
COL20A1	Marine model	shared	Shared aquatic foundation	0.0921292718400568	0.0921292718400568	positive	fast_direction_higher_rate	-2.85	-2.773875373213696	46.0	11	False	0.0	53.391304347826086	0.0604658795031733	0.0604658795031733	#8B0000	fast_direction_higher_rate	False
RNF224	Marine model	marine_specific	Marine-specific predictors	0.0826571992947204	0.0826571992947204	positive	fast_direction_higher_rate	-2.85	-2.781701962667896	45.0	11	False							
TRIM66	Marine model	marine_specific	Marine-specific predictors	0.0785377211171152	0.0785377211171152	positive	fast_direction_higher_rate	-2.85	-2.7851058074238706	44.0	11	False							
TGM5	Marine model	marine_specific	Marine-specific predictors	0.0730096499546588	0.0730096499546588	positive	fast_direction_higher_rate	-2.85	-2.7896735451871812	43.0	11	False							
CAPN13	Marine model	marine_specific	Marine-specific predictors	0.0728829596448735	0.0728829596448735	positive	fast_direction_higher_rate	-2.85	-2.7897782269279268	42.0	11	False							
NR2C2AP	Marine model	marine_specific	Marine-specific predictors	0.0628652617594018	0.0628652617594018	positive	fast_direction_higher_rate	-2.85	-2.798055655996436	41.0	11	False							
SLC2A7	Marine model	marine_specific	Marine-specific predictors	0.0382557135453081	0.0382557135453081	positive	fast_direction_higher_rate	-2.85	-2.818390047398441	40.0	11	False							
TGM1	Marine model	shared	Shared aquatic foundation	0.0321438716739072	0.0321438716739072	positive	fast_direction_higher_rate	-2.85	-2.8234401435529515	39.0	11	False	0.0	49.608695652173914	0.03208523271913545	0.03208523271913545	#8B0000	fast_direction_higher_rate	False
OR10G3	Marine model	marine_specific	Marine-specific predictors	0.0313624648344271	0.0313624648344271	positive	fast_direction_higher_rate	-2.85	-2.8240858048377486	38.0	11	False							
STMN4	Marine model	marine_specific	Marine-specific predictors	-0.0025238444741929	0.0025238444741929	negative	slow_direction_lower_rate	-2.85	-2.8520854036380334	37.0	11	False							
ASH2L	Marine model	marine_specific	Marine-specific predictors	-0.0067113727256146	0.0067113727256146	negative	slow_direction_lower_rate	-2.85	-2.855545476847447	36.0	11	False							
PECAM1	Marine model	marine_specific	Marine-specific predictors	-0.0082238428850923	0.0082238428850923	negative	slow_direction_lower_rate	-2.85	-2.8567952015453213	35.0	11	False							
BAK1	Marine model	marine_specific	Marine-specific predictors	-0.0220699887647022	0.0220699887647022	negative	slow_direction_lower_rate	-2.85	-2.868236002785386	34.0	11	False							
RDH12	Marine model	marine_specific	Marine-specific predictors	-0.0319401455848149	0.0319401455848149	negative	slow_direction_lower_rate	-2.85	-2.8763915215390545	33.0	11	False							
DCXR	Marine model	marine_specific	Marine-specific predictors	-0.0329559416768714	0.0329559416768714	negative	slow_direction_lower_rate	-2.85	-2.8772308541078937	32.0	11	False							
CATSPER4	Marine model	marine_specific	Marine-specific predictors	-0.0348617965707268	0.0348617965707268	negative	slow_direction_lower_rate	-2.85	-2.87880562496634	31.0	11	False							
KEL	Marine model	marine_specific	Marine-specific predictors	-0.0377052256901275	0.0377052256901275	negative	slow_direction_lower_rate	-2.85	-2.881155095185571	30.0	11	False							
ACVR1	Marine model	marine_specific	Marine-specific predictors	-0.0383732664782303	0.0383732664782303	negative	slow_direction_lower_rate	-2.85	-2.881707084305388	29.0	11	False							
CYP21A2	Marine model	marine_specific	Marine-specific predictors	-0.0450852911002748	0.0450852911002748	negative	slow_direction_lower_rate	-2.85	-2.8872530998021855	28.0	11	False							
IDUA	Marine model	marine_specific	Marine-specific predictors	-0.0503352858652507	0.0503352858652507	negative	slow_direction_lower_rate	-2.85	-2.891591068442681	27.0	11	False							
COL4A1	Marine model	marine_specific	Marine-specific predictors	-0.0505715443318336	0.0505715443318336	negative	slow_direction_lower_rate	-2.85	-2.891786284221928	26.0	11	False							
CTD_3088G3	Marine model	marine_specific	Marine-specific predictors	-0.0645538212784956	0.0645538212784956	negative	slow_direction_lower_rate	-2.85	-2.903339567916987	25.0	11	False							
SOX7	Marine model	shared	Shared aquatic foundation	-0.0651622513698966	0.0651622513698966	negative	slow_direction_lower_rate	-2.85	-2.903842301876655	24.0	11	False	0.0	45.82608695652174	-0.047004830331590204	0.047004830331590204	#1F4E79	slow_direction_lower_rate	False
RTL4	Marine model	marine_specific	Marine-specific predictors	-0.0665426884505536	0.0665426884505536	negative	slow_direction_lower_rate	-2.85	-2.904982930207566	23.0	11	False							
SF3B3	Marine model	marine_specific	Marine-specific predictors	-0.0727218763044334	0.0727218763044334	negative	slow_direction_lower_rate	-2.85	-2.910088673038527	22.0	11	False							
NUBP2	Marine model	shared	Shared aquatic foundation	-0.0844817154354269	0.0844817154354269	negative	slow_direction_lower_rate	-2.85	-2.9198055995596444	21.0	11	False	0.0	38.26086956521739	-0.16224044377933644	0.16224044377933644	#1F4E79	slow_direction_lower_rate	False
ATG2A	Marine model	marine_specific	Marine-specific predictors	-0.0892133442112914	0.0892133442112914	negative	slow_direction_lower_rate	-2.85	-2.9237152524577956	20.0	11	False							
TREM2	Marine model	marine_specific	Marine-specific predictors	-0.0898257166079112	0.0898257166079112	negative	slow_direction_lower_rate	-2.85	-2.9242212438676467	19.0	11	False							
FAM234A	Marine model	marine_specific	Marine-specific predictors	-0.108556846491888	0.108556846491888	negative	slow_direction_lower_rate	-2.85	-2.939698412450711	18.0	22	False							
RARS1	Marine model	marine_specific	Marine-specific predictors	-0.115426630752885	0.115426630752885	negative	slow_direction_lower_rate	-2.85	-2.9453747816711116	17.0	22	False							
POLG	Marine model	marine_specific	Marine-specific predictors	-0.124940186455302	0.124940186455302	negative	slow_direction_lower_rate	-2.85	-2.9532356478517814	16.0	22	False							
CREB3L3	Marine model	marine_specific	Marine-specific predictors	-0.150758430810258	0.150758430810258	negative	slow_direction_lower_rate	-2.85	-2.9745687613839356	15.0	22	False							
APH1B	Marine model	marine_specific	Marine-specific predictors	-0.152260877432123	0.152260877432123	negative	slow_direction_lower_rate	-2.85	-2.975810203827488	14.0	22	False							
VEPH1	Marine model	marine_specific	Marine-specific predictors	-0.163677799839901	0.163677799839901	negative	slow_direction_lower_rate	-2.85	-2.9852437849248084	13.0	22	False							
FANCM	Marine model	marine_specific	Marine-specific predictors	-0.215464965565117	0.215464965565117	negative	slow_direction_lower_rate	-2.85	-3.0280345134784503	12.0	30	True							
FN3K	Marine model	shared	Shared aquatic foundation	-0.217860441354345	0.217860441354345	negative	slow_direction_lower_rate	-2.85	-3.0300138485669463	11.0	30	False	0.0	26.913043478260875	-0.2313488476641955	0.2313488476641955	#1F4E79	slow_direction_lower_rate	False
ASMTL	Marine model	shared	Shared aquatic foundation	-0.225475311673798	0.225475311673798	negative	slow_direction_lower_rate	-2.85	-3.0363058679166794	10.0	30	False	0.0	42.04347826086956	-0.1161497783971845	0.1161497783971845	#1F4E79	slow_direction_lower_rate	False
CD34	Marine model	shared	Shared aquatic foundation	-0.231912055829233	0.231912055829233	negative	slow_direction_lower_rate	-2.85	-3.0416244245140014	9.0	30	False	0.0	34.47826086956522	-0.1639082726640187	0.1639082726640187	#1F4E79	slow_direction_lower_rate	False
WDR93	Marine model	shared	Shared aquatic foundation	-0.242927446164409	0.242927446164409	negative	slow_direction_lower_rate	-2.85	-3.050726227463519	8.0	30	True	0.0	8.0	-0.3611236226110045	0.3611236226110045	#1F4E79	slow_direction_lower_rate	False
F11	Marine model	marine_specific	Marine-specific predictors	-0.254306353084796	0.254306353084796	negative	slow_direction_lower_rate	-2.85	-3.060128397102441	7.0	30	True							
CATSPERZ	Marine model	shared	Shared aquatic foundation	-0.264244206101874	0.264244206101874	negative	slow_direction_lower_rate	-2.85	-3.068339851907984	6.0	30	False	0.0	30.695652173913047	-0.209137065630695	0.209137065630695	#1F4E79	slow_direction_lower_rate	False
PUSL1	Marine model	shared	Shared aquatic foundation	-0.270477624990477	0.270477624990477	negative	slow_direction_lower_rate	-2.85	-3.0734904047889553	5.0	30	True	0.0	15.565217391304344	-0.29234926187029797	0.29234926187029797	#1F4E79	slow_direction_lower_rate	False
SYDE1	Marine model	shared	Shared aquatic foundation	-0.314258007626709	0.314258007626709	negative	slow_direction_lower_rate	-2.85	-3.109665284088237	4.0	30	True	0.0	23.130434782608702	-0.2731405165943575	0.2731405165943575	#1F4E79	slow_direction_lower_rate	False
HGFAC	Marine model	shared	Shared aquatic foundation	-0.314672853107267	0.314672853107267	negative	slow_direction_lower_rate	-2.85	-3.110008062846288	3.0	30	True	0.0	19.34782608695653	-0.283281309023868	0.283281309023868	#1F4E79	slow_direction_lower_rate	False
TPX2	Marine model	marine_specific	Marine-specific predictors	-0.547364151458345	0.547364151458345	negative	slow_direction_lower_rate	-2.85	-3.302276360311488	2.0	42	True							
EPOR	Marine model	shared	Shared aquatic foundation	-0.562386788005208	0.562386788005208	negative	slow_direction_lower_rate	-2.85	-3.3146892729247734	1.0	42	True	0.0	11.782608695652172	-0.31318520588040893	0.31318520588040893	#1F4E79	slow_direction_lower_rate	False
TGM3	Aquatic model	shared	Shared aquatic foundation	1.04080869919882	1.04080869919882	positive	fast_direction_higher_rate	2.85	3.71	101.0	42	True	0.0	95.0	0.866062040184838	0.866062040184838	#8B0000	fast_direction_higher_rate	False
PER1	Aquatic model	aquatic_specific	Aquatic-specific predictors	0.784004329488712	0.784004329488712	positive	fast_direction_higher_rate	2.85	3.497807540309091	100.0	42	True							
CACNA1G	Aquatic model	aquatic_specific	Aquatic-specific predictors	0.593854706123962	0.593854706123962	positive	fast_direction_higher_rate	2.85	3.3406906020863767	99.0	42	True							
LRP2	Aquatic model	aquatic_specific	Aquatic-specific predictors	0.471378525654808	0.471378525654808	positive	fast_direction_higher_rate	2.85	3.23949091449292	98.0	30	True							
NWD1	Aquatic model	aquatic_specific	Aquatic-specific predictors	0.404558879261438	0.404558879261438	positive	fast_direction_higher_rate	2.85	3.184279139319891	97.0	30	True							
FAM13A	Aquatic model	aquatic_specific	Aquatic-specific predictors	0.348973910716795	0.348973910716795	positive	fast_direction_higher_rate	2.85	3.1383503601069673	96.0	30	True							
KIF18A	Aquatic model	aquatic_specific	Aquatic-specific predictors	0.340198342633948	0.340198342633948	positive	fast_direction_higher_rate	2.85	3.131099278753537	95.0	30	True							
IL33	Aquatic model	shared	Shared aquatic foundation	0.340038935001018	0.340038935001018	positive	fast_direction_higher_rate	2.85	3.130967563324539	94.0	30	True	0.0	83.65217391304348	0.305240821108544	0.305240821108544	#8B0000	fast_direction_higher_rate	False
SYTL5	Aquatic model	aquatic_specific	Aquatic-specific predictors	0.265993756746688	0.265993756746688	positive	fast_direction_higher_rate	2.85	3.069785471603225	93.0	30	False							
OMP	Aquatic model	shared	Shared aquatic foundation	0.231144543648012	0.231144543648012	positive	fast_direction_higher_rate	2.85	3.0409902441152807	92.0	30	True	0.0	79.86956521739131	0.2883801206359645	0.2883801206359645	#8B0000	fast_direction_higher_rate	False
SDR9C7	Aquatic model	shared	Shared aquatic foundation	0.220181989308241	0.220181989308241	positive	fast_direction_higher_rate	2.85	3.031932098521897	91.0	30	True	0.0	87.43478260869566	0.3147859389870795	0.3147859389870795	#8B0000	fast_direction_higher_rate	False
KCNK18	Aquatic model	shared	Shared aquatic foundation	0.217561248206336	0.217561248206336	positive	fast_direction_higher_rate	2.85	3.0297666310835742	90.0	30	True	0.0	91.21739130434783	0.328424489119443	0.328424489119443	#8B0000	fast_direction_higher_rate	False
PRSS53	Aquatic model	aquatic_specific	Aquatic-specific predictors	0.194083977905306	0.194083977905306	positive	fast_direction_higher_rate	2.85	3.0103678189152787	89.0	22	False							
OR52W1	Aquatic model	shared	Shared aquatic foundation	0.190684677268266	0.190684677268266	positive	fast_direction_higher_rate	2.85	3.0075590428644015	88.0	22	True	0.0	76.08695652173913	0.236742040441452	0.236742040441452	#8B0000	fast_direction_higher_rate	False
SEC61A2	Aquatic model	aquatic_specific	Aquatic-specific predictors	0.176583875943885	0.176583875943885	positive	fast_direction_higher_rate	2.85	2.9959078247795583	87.0	22	False							
GCKR	Aquatic model	aquatic_specific	Aquatic-specific predictors	0.176184373124808	0.176184373124808	positive	fast_direction_higher_rate	2.85	2.995577723364504	86.0	22	False							
SPEF2	Aquatic model	aquatic_specific	Aquatic-specific predictors	0.174059525751515	0.174059525751515	positive	fast_direction_higher_rate	2.85	2.993822003276424	85.0	22	False							
PNPLA7	Aquatic model	shared	Shared aquatic foundation	0.137885581276299	0.137885581276299	positive	fast_direction_higher_rate	2.85	2.963932175998238	84.0	22	False	0.0	68.52173913043478	0.1223108113755345	0.1223108113755345	#8B0000	fast_direction_higher_rate	False
FZD5	Aquatic model	aquatic_specific	Aquatic-specific predictors	0.130676120517993	0.130676120517993	positive	fast_direction_higher_rate	2.85	2.9579751386897337	83.0	22	False							
ABHD8	Aquatic model	aquatic_specific	Aquatic-specific predictors	0.123391794658719	0.123391794658719	positive	fast_direction_higher_rate	2.85	2.9519562418033054	82.0	22	False							
OR6B1	Aquatic model	shared	Shared aquatic foundation	0.1211331117984	0.1211331117984	positive	fast_direction_higher_rate	2.85	2.9500899360533923	81.0	22	False	0.0	64.73913043478261	0.1164572037554665	0.1164572037554665	#8B0000	fast_direction_higher_rate	False
DBNL	Aquatic model	shared	Shared aquatic foundation	0.116035395287358	0.116035395287358	positive	fast_direction_higher_rate	2.85	2.9458777919745898	80.0	22	False	0.0	60.95652173913044	0.112869856668755	0.112869856668755	#8B0000	fast_direction_higher_rate	False
PIEZO1	Aquatic model	aquatic_specific	Aquatic-specific predictors	0.100220575454654	0.100220575454654	positive	fast_direction_higher_rate	2.85	2.9328103137083197	79.0	22	False							
DEUP1	Aquatic model	aquatic_specific	Aquatic-specific predictors	0.0985919084118505	0.0985919084118505	positive	fast_direction_higher_rate	2.85	2.931464577784044	78.0	11	False							
ARSA	Aquatic model	aquatic_specific	Aquatic-specific predictors	0.0862370240736283	0.0862370240736283	positive	fast_direction_higher_rate	2.85	2.9212559769729145	77.0	11	False							
CNGA4	Aquatic model	aquatic_specific	Aquatic-specific predictors	0.0586555487526509	0.0586555487526509	positive	fast_direction_higher_rate	2.85	2.898465939961983	76.0	11	False							
KRTDAP	Aquatic model	shared	Shared aquatic foundation	0.0447305719374455	0.0447305719374455	positive	fast_direction_higher_rate	2.85	2.886960002251917	75.0	11	True	0.0	72.30434782608695	0.21564824850848727	0.21564824850848727	#8B0000	fast_direction_higher_rate	False
CSMD1	Aquatic model	aquatic_specific	Aquatic-specific predictors	0.0435717554769353	0.0435717554769353	positive	fast_direction_higher_rate	2.85	2.88600249473223	74.0	11	False							
TOGARAM2	Aquatic model	shared	Shared aquatic foundation	0.03936598299555	0.03936598299555	positive	fast_direction_higher_rate	2.85	2.8825273466701744	73.0	11	False	0.0	57.173913043478265	0.08433511001923599	0.08433511001923599	#8B0000	fast_direction_higher_rate	False
PDE6C	Aquatic model	aquatic_specific	Aquatic-specific predictors	0.0369091575908715	0.0369091575908715	positive	fast_direction_higher_rate	2.85	2.880497319586763	72.0	11	False							
TGM1	Aquatic model	shared	Shared aquatic foundation	0.0320265937643637	0.0320265937643637	positive	fast_direction_higher_rate	2.85	2.8764629519896925	71.0	11	False	0.0	49.608695652173914	0.03208523271913545	0.03208523271913545	#8B0000	fast_direction_higher_rate	False
COL20A1	Aquatic model	shared	Shared aquatic foundation	0.0288024871662898	0.0288024871662898	positive	fast_direction_higher_rate	2.85	2.8737989353683115	70.0	11	False	0.0	53.391304347826086	0.0604658795031733	0.0604658795031733	#8B0000	fast_direction_higher_rate	False
LLGL1	Aquatic model	aquatic_specific	Aquatic-specific predictors	0.0221096407434654	0.0221096407434654	positive	fast_direction_higher_rate	2.85	2.868268766444801	69.0	11	False							
BAMBI	Aquatic model	aquatic_specific	Aquatic-specific predictors	0.0120734458485713	0.0120734458485713	positive	fast_direction_higher_rate	2.85	2.859976053656896	68.0	11	False							
LRIF1	Aquatic model	aquatic_specific	Aquatic-specific predictors	0.0099754084269074	0.0099754084269074	positive	fast_direction_higher_rate	2.85	2.8582424861107945	67.0	11	False							
FP565260	Aquatic model	aquatic_specific	Aquatic-specific predictors	1.70815408075916e-05	1.70815408075916e-05	positive	fast_direction_higher_rate	2.85	2.850014114145189	66.0	11	False							
RHOA	Aquatic model	aquatic_specific	Aquatic-specific predictors	-0.0011344887901252	0.0011344887901252	negative	slow_direction_lower_rate	2.85	2.849062593961543	65.0	11	False							
ITGA2B	Aquatic model	aquatic_specific	Aquatic-specific predictors	-0.001292049701436	0.001292049701436	negative	slow_direction_lower_rate	2.85	2.8489324044427278	64.0	11	False							
TMPPE	Aquatic model	aquatic_specific	Aquatic-specific predictors	-0.0023245055880712	0.0023245055880712	negative	slow_direction_lower_rate	2.85	2.848079306209412	63.0	11	False							
ASMTL	Aquatic model	shared	Shared aquatic foundation	-0.006824245120571	0.006824245120571	negative	slow_direction_lower_rate	2.85	2.8443612588862788	62.0	11	False	0.0	42.04347826086956	-0.1161497783971845	0.1161497783971845	#1F4E79	slow_direction_lower_rate	False
SORBS2	Aquatic model	aquatic_specific	Aquatic-specific predictors	-0.0080058731823396	0.0080058731823396	negative	slow_direction_lower_rate	2.85	2.843384902583816	61.0	11	False							
IP6K1	Aquatic model	aquatic_specific	Aquatic-specific predictors	-0.0083253479404064	0.0083253479404064	negative	slow_direction_lower_rate	2.85	2.8431209268002267	60.0	11	False							
RHCG	Aquatic model	aquatic_specific	Aquatic-specific predictors	-0.0101117732108071	0.0101117732108071	negative	slow_direction_lower_rate	2.85	2.841644838318523	59.0	11	False							
FLYWCH1	Aquatic model	aquatic_specific	Aquatic-specific predictors	-0.0104987023982283	0.0104987023982283	negative	slow_direction_lower_rate	2.85	2.841325126250937	58.0	11	False							
CCDC174	Aquatic model	aquatic_specific	Aquatic-specific predictors	-0.0162180345629962	0.0162180345629962	negative	slow_direction_lower_rate	2.85	2.83659935323858	57.0	11	False							
NOXO1	Aquatic model	aquatic_specific	Aquatic-specific predictors	-0.0179148306739576	0.0179148306739576	negative	slow_direction_lower_rate	2.85	2.8351973235893753	56.0	11	False							
COMMD4	Aquatic model	aquatic_specific	Aquatic-specific predictors	-0.0187271239132032	0.0187271239132032	negative	slow_direction_lower_rate	2.85	2.83452614147273	55.0	11	False							
MSN	Aquatic model	aquatic_specific	Aquatic-specific predictors	-0.0286086021473059	0.0286086021473059	negative	slow_direction_lower_rate	2.85	2.826361268054714	54.0	11	False							
SOX7	Aquatic model	shared	Shared aquatic foundation	-0.0288474092932838	0.0288474092932838	negative	slow_direction_lower_rate	2.85	2.8261639463512163	53.0	11	False	0.0	45.82608695652174	-0.047004830331590204	0.047004830331590204	#1F4E79	slow_direction_lower_rate	False
CDC14B	Aquatic model	aquatic_specific	Aquatic-specific predictors	-0.0297700481634882	0.0297700481634882	negative	slow_direction_lower_rate	2.85	2.82540158778428	52.0	11	False							
PPP1R3A	Aquatic model	aquatic_specific	Aquatic-specific predictors	-0.0310971405758917	0.0310971405758917	negative	slow_direction_lower_rate	2.85	2.8243050371159915	51.0	11	False							
PROB1	Aquatic model	aquatic_specific	Aquatic-specific predictors	-0.031368805999096	0.031368805999096	negative	slow_direction_lower_rate	2.85	2.824080565256623	50.0	11	False							
CDHR4	Aquatic model	aquatic_specific	Aquatic-specific predictors	-0.043359831407413	0.043359831407413	negative	slow_direction_lower_rate	2.85	2.814172614007666	49.0	11	False							
AC092835	Aquatic model	aquatic_specific	Aquatic-specific predictors	-0.0481295116799046	0.0481295116799046	negative	slow_direction_lower_rate	2.85	2.810231519897384	48.0	11	False							
EPOR	Aquatic model	shared	Shared aquatic foundation	-0.0639836237556098	0.0639836237556098	negative	slow_direction_lower_rate	2.85	2.797131575214368	47.0	11	True	0.0	11.782608695652172	-0.31318520588040893	0.31318520588040893	#1F4E79	slow_direction_lower_rate	False
PDK1	Aquatic model	aquatic_specific	Aquatic-specific predictors	-0.0696000509826744	0.0696000509826744	negative	slow_direction_lower_rate	2.85	2.7924908305520746	46.0	11	False							
KMO	Aquatic model	aquatic_specific	Aquatic-specific predictors	-0.0725495886342883	0.0725495886342883	negative	slow_direction_lower_rate	2.85	2.7900536849148976	45.0	11	False							
GGTLC3	Aquatic model	aquatic_specific	Aquatic-specific predictors	-0.0726998898105257	0.0726998898105257	negative	slow_direction_lower_rate	2.85	2.7899294939740806	44.0	11	False							
SPINT4	Aquatic model	aquatic_specific	Aquatic-specific predictors	-0.0769933368325998	0.0769933368325998	negative	slow_direction_lower_rate	2.85	2.7863819021430114	43.0	11	False							
URI1	Aquatic model	aquatic_specific	Aquatic-specific predictors	-0.078475489653661	0.078475489653661	negative	slow_direction_lower_rate	2.85	2.7851572280726526	42.0	11	False							
RAC3	Aquatic model	aquatic_specific	Aquatic-specific predictors	-0.0814970345799135	0.0814970345799135	negative	slow_direction_lower_rate	2.85	2.7826605842239056	41.0	11	False							
CASTOR1	Aquatic model	aquatic_specific	Aquatic-specific predictors	-0.0825057476543748	0.0825057476543748	negative	slow_direction_lower_rate	2.85	2.781827104214847	40.0	11	False							
CD34	Aquatic model	shared	Shared aquatic foundation	-0.0959044894988044	0.0959044894988044	negative	slow_direction_lower_rate	2.85	2.77075598423374	39.0	11	False	0.0	34.47826086956522	-0.1639082726640187	0.1639082726640187	#1F4E79	slow_direction_lower_rate	False
HPRT1	Aquatic model	aquatic_specific	Aquatic-specific predictors	-0.099597493197772	0.099597493197772	negative	slow_direction_lower_rate	2.85	2.76770452705092	38.0	11	False							
C1orf112	Aquatic model	aquatic_specific	Aquatic-specific predictors	-0.10365191227098	0.10365191227098	negative	slow_direction_lower_rate	2.85	2.7643544393684834	37.0	22	False							
MEFV	Aquatic model	aquatic_specific	Aquatic-specific predictors	-0.106234859098565	0.106234859098565	negative	slow_direction_lower_rate	2.85	2.762220200604498	36.0	22	False							
SEPTIN5	Aquatic model	aquatic_specific	Aquatic-specific predictors	-0.106389612271777	0.106389612271777	negative	slow_direction_lower_rate	2.85	2.7620923310651055	35.0	22	False							
CORO2A	Aquatic model	aquatic_specific	Aquatic-specific predictors	-0.110434776748237	0.110434776748237	negative	slow_direction_lower_rate	2.85	2.758749890276098	34.0	22	False							
ACOX3	Aquatic model	aquatic_specific	Aquatic-specific predictors	-0.118129521585615	0.118129521585615	negative	slow_direction_lower_rate	2.85	2.7523918721645675	33.0	22	False							
SLC6A6	Aquatic model	aquatic_specific	Aquatic-specific predictors	-0.121595276910313	0.121595276910313	negative	slow_direction_lower_rate	2.85	2.749528185896827	32.0	22	False							
CLTCL1	Aquatic model	aquatic_specific	Aquatic-specific predictors	-0.122013377075862	0.122013377075862	negative	slow_direction_lower_rate	2.85	2.749182717855823	31.0	22	False							
XCR1	Aquatic model	aquatic_specific	Aquatic-specific predictors	-0.128894917212046	0.128894917212046	negative	slow_direction_lower_rate	2.85	2.7434966349842314	30.0	22	False							
EHHADH	Aquatic model	aquatic_specific	Aquatic-specific predictors	-0.134704680594371	0.134704680594371	negative	slow_direction_lower_rate	2.85	2.7386961404143397	29.0	22	False							
FAM20B	Aquatic model	aquatic_specific	Aquatic-specific predictors	-0.149046125022571	0.149046125022571	negative	slow_direction_lower_rate	2.85	2.7268460836097166	28.0	22	False							
CLASP2	Aquatic model	aquatic_specific	Aquatic-specific predictors	-0.153215743294715	0.153215743294715	negative	slow_direction_lower_rate	2.85	2.723400809068099	27.0	22	False							
TIGD7	Aquatic model	aquatic_specific	Aquatic-specific predictors	-0.153350666144971	0.153350666144971	negative	slow_direction_lower_rate	2.85	2.723289324939162	26.0	22	False							
CATSPERZ	Aquatic model	shared	Shared aquatic foundation	-0.154029925159516	0.154029925159516	negative	slow_direction_lower_rate	2.85	2.7227280664168627	25.0	22	False	0.0	30.695652173913047	-0.209137065630695	0.209137065630695	#1F4E79	slow_direction_lower_rate	False
H1_8	Aquatic model	aquatic_specific	Aquatic-specific predictors	-0.160268979059258	0.160268979059258	negative	slow_direction_lower_rate	2.85	2.717572857435704	24.0	22	False							
PI4KA	Aquatic model	aquatic_specific	Aquatic-specific predictors	-0.161213914772254	0.161213914772254	negative	slow_direction_lower_rate	2.85	2.716792075420909	23.0	22	False							
SYNPO2	Aquatic model	aquatic_specific	Aquatic-specific predictors	-0.164171125185038	0.164171125185038	negative	slow_direction_lower_rate	2.85	2.7143485899302977	22.0	22	False							
KEAP1	Aquatic model	aquatic_specific	Aquatic-specific predictors	-0.19883739251004	0.19883739251004	negative	slow_direction_lower_rate	2.85	2.685704526979584	21.0	22	False							
SIGIRR	Aquatic model	aquatic_specific	Aquatic-specific predictors	-0.210302505536658	0.210302505536658	negative	slow_direction_lower_rate	2.85	2.6762311269105012	20.0	30	False							
SLC5A5	Aquatic model	aquatic_specific	Aquatic-specific predictors	-0.231105741131879	0.231105741131879	negative	slow_direction_lower_rate	2.85	2.659041817649672	19.0	30	False							
SYDE1	Aquatic model	shared	Shared aquatic foundation	-0.232023025562006	0.232023025562006	negative	slow_direction_lower_rate	2.85	2.6582838833525084	18.0	30	True	0.0	23.130434782608702	-0.2731405165943575	0.2731405165943575	#1F4E79	slow_direction_lower_rate	False
CATSPERG	Aquatic model	aquatic_specific	Aquatic-specific predictors	-0.232264279338058	0.232264279338058	negative	slow_direction_lower_rate	2.85	2.658084540046131	17.0	30	False							
SLC6A15	Aquatic model	aquatic_specific	Aquatic-specific predictors	-0.23289351110375	0.23289351110375	negative	slow_direction_lower_rate	2.85	2.6575646180672776	16.0	30	False							
TTC28	Aquatic model	aquatic_specific	Aquatic-specific predictors	-0.237914556985983	0.237914556985983	negative	slow_direction_lower_rate	2.85	2.653415825438964	15.0	30	False							
ACADSB	Aquatic model	aquatic_specific	Aquatic-specific predictors	-0.238865076823398	0.238865076823398	negative	slow_direction_lower_rate	2.85	2.6526304293706895	14.0	30	False							
NUBP2	Aquatic model	shared	Shared aquatic foundation	-0.239999172123246	0.239999172123246	negative	slow_direction_lower_rate	2.85	2.651693348465601	13.0	30	False	0.0	38.26086956521739	-0.16224044377933644	0.16224044377933644	#1F4E79	slow_direction_lower_rate	False
FN3K	Aquatic model	shared	Shared aquatic foundation	-0.244837253974046	0.244837253974046	negative	slow_direction_lower_rate	2.85	2.6476957354605495	12.0	30	False	0.0	26.913043478260875	-0.2313488476641955	0.2313488476641955	#1F4E79	slow_direction_lower_rate	False
NLRP8	Aquatic model	aquatic_specific	Aquatic-specific predictors	-0.249357601464042	0.249357601464042	negative	slow_direction_lower_rate	2.85	2.6439606601826533	11.0	30	False							
HGFAC	Aquatic model	shared	Shared aquatic foundation	-0.251889764940469	0.251889764940469	negative	slow_direction_lower_rate	2.85	2.641868382714754	10.0	30	True	0.0	19.34782608695653	-0.283281309023868	0.283281309023868	#1F4E79	slow_direction_lower_rate	False
C16orf91	Aquatic model	aquatic_specific	Aquatic-specific predictors	-0.262195862787636	0.262195862787636	negative	slow_direction_lower_rate	2.85	2.633352654362958	9.0	30	False							
GGTLC1	Aquatic model	aquatic_specific	Aquatic-specific predictors	-0.291163814888646	0.291163814888646	negative	slow_direction_lower_rate	2.85	2.6094169985349027	8.0	30	True							
SMCO3	Aquatic model	aquatic_specific	Aquatic-specific predictors	-0.307082295991399	0.307082295991399	negative	slow_direction_lower_rate	2.85	2.596263866975851	7.0	30	True							
PUSL1	Aquatic model	shared	Shared aquatic foundation	-0.314220898750119	0.314220898750119	negative	slow_direction_lower_rate	2.85	2.5903653782552776	6.0	30	True	0.0	15.565217391304344	-0.29234926187029797	0.29234926187029797	#1F4E79	slow_direction_lower_rate	False
PDGFB	Aquatic model	aquatic_specific	Aquatic-specific predictors	-0.348561123284862	0.348561123284862	negative	slow_direction_lower_rate	2.85	2.5619907181255033	5.0	30	True							
PFKP	Aquatic model	aquatic_specific	Aquatic-specific predictors	-0.356881027792284	0.356881027792284	negative	slow_direction_lower_rate	2.85	2.5551161427286115	4.0	30	True							
PMIS2	Aquatic model	aquatic_specific	Aquatic-specific predictors	-0.39072525213697	0.39072525213697	negative	slow_direction_lower_rate	2.85	2.527151317916103	3.0	30	True							
WDR93	Aquatic model	shared	Shared aquatic foundation	-0.4793197990576	0.4793197990576	negative	slow_direction_lower_rate	2.85	2.4539473656332373	2.0	30	True	0.0	8.0	-0.3611236226110045	0.3611236226110045	#1F4E79	slow_direction_lower_rate	False
ATF7IP2	Aquatic model	aquatic_specific	Aquatic-specific predictors	-0.581769927151342	0.581769927151342	negative	slow_direction_lower_rate	2.85	2.3692948159106613	1.0	42	True							
