gene	lasso_group	selected_in_marine	selected_in_aquatic	marine_coef	aquatic_coef	max_abs_coef	coefficient_direction_summary	pro_recommended_module	display_module	recommended_submodule_or_function	annotation_confidence	recommended_for_Figure4C_original	recommended_for_Figure4C_display	recommended_for_TableS5_only	keep_unassigned	evidence_summary	key_sources	reason_for_assignment	notes_for_manual_review	display_decision_note
CATSPERG	aquatic_specific	False	True	0.0	-0.232264	0.232264	aquatic slow direction negative	Cilia / flagella / reproductive-cell function	Cilia / flagella / reproductive-cell function	CatSper sperm calcium-channel complex component	high	True	True	False	False	CatSper sperm calcium-channel complex component. CatSper complex component; strong reproductive-cell/flagellar assignment.	UniProt; NCBI Gene; GO	CatSper complex component; strong reproductive-cell/flagellar assignment.		Main Figure4C display candidate under compressed-module policy.
DEUP1	aquatic_specific	False	True	0.0	0.0985919	0.0985919	aquatic fast direction positive	Cilia / flagella / reproductive-cell function	Cilia / flagella / reproductive-cell function	centriole amplification / multiciliogenesis	high	True	True	False	False	centriole amplification / multiciliogenesis. Known regulator of deuterosome-mediated centriole amplification.	UniProt; NCBI Gene; GO	Known regulator of deuterosome-mediated centriole amplification.		Main Figure4C display candidate under compressed-module policy.
SPEF2	aquatic_specific	False	True	0.0	0.17406	0.17406	aquatic fast direction positive	Cilia / flagella / reproductive-cell function	Cilia / flagella / reproductive-cell function	sperm flagellum and motile cilia structure	high	True	True	False	False	sperm flagellum and motile cilia structure. Sperm flagellum/motile cilia gene; priority rescue.	UniProt; NCBI Gene; GO; OMIM	Sperm flagellum/motile cilia gene; priority rescue.		Main Figure4C display candidate under compressed-module policy.
CATSPER4	marine_specific	True	False	-0.0348618	0.0	0.0348618	marine slow direction negative	Cilia / flagella / reproductive-cell function	Cilia / flagella / reproductive-cell function	CatSper sperm calcium-channel complex component	high	True	True	False	False	CatSper sperm calcium-channel complex component. CatSper complex component; strong reproductive-cell/flagellar assignment.	UniProt; NCBI Gene; GO	CatSper complex component; strong reproductive-cell/flagellar assignment.		Main Figure4C display candidate under compressed-module policy.
CATSPERZ	shared	True	True	-0.264244	-0.15403	0.264244	marine slow direction negative; aquatic slow direction negative	Cilia / flagella / reproductive-cell function	Cilia / flagella / reproductive-cell function	CatSper sperm calcium-channel complex component	high	True	True	False	False	CatSper sperm calcium-channel complex component. CatSper complex component; strong reproductive-cell/flagellar assignment.	UniProt; NCBI Gene; GO	CatSper complex component; strong reproductive-cell/flagellar assignment.		Main Figure4C display candidate under compressed-module policy.
TOGARAM2	shared	True	True	0.129304	0.039366	0.129304	marine fast direction positive; aquatic fast direction positive	Cilia / flagella / reproductive-cell function	Cilia / flagella / reproductive-cell function	ciliary/centrosomal microtubule-associated protein	medium	True	True	False	False	ciliary/centrosomal microtubule-associated protein. TOG-array protein with centrosome/cilia-associated function; medium-confidence cilia placement.	UniProt; NCBI Gene; GO	TOG-array protein with centrosome/cilia-associated function; medium-confidence cilia placement.		Main Figure4C display candidate under compressed-module policy.
WDR93	shared	True	True	-0.242927	-0.47932	0.47932	marine slow direction negative; aquatic slow direction negative	Cilia / flagella / reproductive-cell function	Cilia / flagella / reproductive-cell function	ciliary transition-zone / cilium organization factor	medium	True	True	False	False	ciliary transition-zone / cilium organization factor. Ciliary localization and cilium-organization evidence supports rescue, but human functional curation is still emerging.	UniProt; NCBI Gene; GO; PubMed	Ciliary localization and cilium-organization evidence supports rescue, but human functional curation is still emerging.	Manual review: priority rescued gene; keep medium confidence.	Main Figure4C display candidate under compressed-module policy.
CLASP2	aquatic_specific	False	True	0.0	-0.153216	0.153216	aquatic slow direction negative	Cytoskeletal / muscle / ECM / adhesion	Cytoskeletal / muscle / ECM / adhesion	microtubule plus-end tracking and cytoskeletal organization	high	True	True	False	False	microtubule plus-end tracking and cytoskeletal organization. Microtubule-associated protein; priority rescue.	UniProt; NCBI Gene; GO	Microtubule-associated protein; priority rescue.		Main Figure4C display candidate under compressed-module policy.
CORO2A	aquatic_specific	False	True	0.0	-0.110435	0.110435	aquatic slow direction negative	Cytoskeletal / muscle / ECM / adhesion	Cytoskeletal / muscle / ECM / adhesion	coronin actin-cytoskeleton regulator	medium	True	True	False	False	coronin actin-cytoskeleton regulator. Coronin-family cytoskeletal regulator; medium confidence.	UniProt; NCBI Gene; GO	Coronin-family cytoskeletal regulator; medium confidence.		Main Figure4C display candidate under compressed-module policy.
MSN	aquatic_specific	False	True	0.0	-0.0286086	0.0286086	aquatic slow direction negative	Cytoskeletal / muscle / ECM / adhesion	Cytoskeletal / muscle / ECM / adhesion	ERM family membrane-actin linker	high	True	True	False	False	ERM family membrane-actin linker. Moesin links membrane and actin cytoskeleton.	UniProt; NCBI Gene; GO	Moesin links membrane and actin cytoskeleton.		Main Figure4C display candidate under compressed-module policy.
RHOA	aquatic_specific	False	True	0.0	-0.00113449	0.00113449	aquatic slow direction negative	Cytoskeletal / muscle / ECM / adhesion	Cytoskeletal / muscle / ECM / adhesion	Rho GTPase actin/cytoskeletal signaling	high	True	True	False	False	Rho GTPase actin/cytoskeletal signaling. Canonical Rho GTPase regulating actin cytoskeleton.	UniProt; NCBI Gene; GO; Reactome	Canonical Rho GTPase regulating actin cytoskeleton.		Main Figure4C display candidate under compressed-module policy.
SEPTIN5	aquatic_specific	False	True	0.0	-0.10639	0.10639	aquatic slow direction negative	Cytoskeletal / muscle / ECM / adhesion	Cytoskeletal / muscle / ECM / adhesion	septin cytoskeletal scaffold	medium	True	True	False	False	septin cytoskeletal scaffold. Septin-family cytoskeletal protein; medium confidence.	UniProt; NCBI Gene; GO	Septin-family cytoskeletal protein; medium confidence.		Main Figure4C display candidate under compressed-module policy.
SORBS2	aquatic_specific	False	True	0.0	-0.00800587	0.00800587	aquatic slow direction negative	Cytoskeletal / muscle / ECM / adhesion	Cytoskeletal / muscle / ECM / adhesion	actin/cytoskeletal adaptor and cardiac muscle signaling	high	True	True	False	False	actin/cytoskeletal adaptor and cardiac muscle signaling. Cytoskeletal adaptor with cardiac/muscle associations.	UniProt; NCBI Gene; GO	Cytoskeletal adaptor with cardiac/muscle associations.		Main Figure4C display candidate under compressed-module policy.
SYNPO2	aquatic_specific	False	True	0.0	-0.164171	0.164171	aquatic slow direction negative	Cytoskeletal / muscle / ECM / adhesion	Cytoskeletal / muscle / ECM / adhesion	actin-associated synaptopodin family / muscle cytoskeleton	high	True	True	False	False	actin-associated synaptopodin family / muscle cytoskeleton. Actin-associated cytoskeletal gene with muscle relevance.	UniProt; NCBI Gene; GO	Actin-associated cytoskeletal gene with muscle relevance.		Main Figure4C display candidate under compressed-module policy.
ACP4	marine_specific	True	False	0.361854	0.0	0.361854	marine fast direction positive	Cytoskeletal / muscle / ECM / adhesion	Cytoskeletal / muscle / ECM / adhesion	phosphatase linked to skeletal/mineral biology	medium	True	True	False	False	phosphatase linked to skeletal/mineral biology. Acid phosphatase with skeletal/dental associations; medium-confidence musculoskeletal placement.	UniProt; NCBI Gene; GO	Acid phosphatase with skeletal/dental associations; medium-confidence musculoskeletal placement.	Manual review: placement is phenotype-driven; check if better kept TableS5 only.	Main Figure4C display candidate under compressed-module policy.
COL4A1	marine_specific	True	False	-0.0505715	0.0	0.0505715	marine slow direction negative	Cytoskeletal / muscle / ECM / adhesion	Cytoskeletal / muscle / ECM / adhesion	collagen / extracellular matrix component	high	True	True	False	False	collagen / extracellular matrix component. Collagen gene; direct extracellular-matrix assignment.	UniProt; NCBI Gene; GO	Collagen gene; direct extracellular-matrix assignment.		Main Figure4C display candidate under compressed-module policy.
MYH13	marine_specific	True	False	0.4803	0.0	0.4803	marine fast direction positive	Cytoskeletal / muscle / ECM / adhesion	Cytoskeletal / muscle / ECM / adhesion	myosin heavy-chain / muscle contractile apparatus	high	True	True	False	False	myosin heavy-chain / muscle contractile apparatus. Myosin heavy-chain gene; strong muscle/cytoskeletal assignment.	UniProt; NCBI Gene; GO	Myosin heavy-chain gene; strong muscle/cytoskeletal assignment.		Main Figure4C display candidate under compressed-module policy.
MYH7B	marine_specific	True	False	0.397857	0.0	0.397857	marine fast direction positive	Cytoskeletal / muscle / ECM / adhesion	Cytoskeletal / muscle / ECM / adhesion	myosin heavy-chain / muscle contractile apparatus	high	True	True	False	False	myosin heavy-chain / muscle contractile apparatus. Myosin heavy-chain gene; strong muscle/cytoskeletal assignment.	UniProt; NCBI Gene; GO	Myosin heavy-chain gene; strong muscle/cytoskeletal assignment.		Main Figure4C display candidate under compressed-module policy.
COL20A1	shared	True	True	0.0921293	0.0288025	0.0921293	marine fast direction positive; aquatic fast direction positive	Cytoskeletal / muscle / ECM / adhesion	Cytoskeletal / muscle / ECM / adhesion	collagen / extracellular matrix component	high	True	True	False	False	collagen / extracellular matrix component. Collagen gene; direct extracellular-matrix assignment.	UniProt; NCBI Gene; GO	Collagen gene; direct extracellular-matrix assignment.		Main Figure4C display candidate under compressed-module policy.
DBNL	shared	True	True	0.109704	0.116035	0.116035	marine fast direction positive; aquatic fast direction positive	Cytoskeletal / muscle / ECM / adhesion	Cytoskeletal / muscle / ECM / adhesion	actin cytoskeleton adaptor	high	True	True	False	False	actin cytoskeleton adaptor. Actin-binding cytoskeletal adaptor.	UniProt; NCBI Gene; GO	Actin-binding cytoskeletal adaptor.		Main Figure4C display candidate under compressed-module policy.
SYDE1	shared	True	True	-0.314258	-0.232023	0.314258	marine slow direction negative; aquatic slow direction negative	Cytoskeletal / muscle / ECM / adhesion	Cytoskeletal / muscle / ECM / adhesion	Rho GTPase/cytoskeletal regulation	medium	True	True	False	False	Rho GTPase/cytoskeletal regulation. Rho-GAP domain signaling connected to cytoskeletal organization.	UniProt; NCBI Gene; GO	Rho-GAP domain signaling connected to cytoskeletal organization.		Main Figure4C display candidate under compressed-module policy.
ATF7IP2	aquatic_specific	False	True	0.0	-0.58177	0.58177	aquatic slow direction negative	DNA repair / chromatin / cell-cycle	DNA repair / chromatin / cell-cycle	chromatin-associated transcriptional coregulator	medium	True	True	False	False	chromatin-associated transcriptional coregulator. ATF7IP-family chromatin/transcriptional regulator; medium confidence.	UniProt; NCBI Gene; GO	ATF7IP-family chromatin/transcriptional regulator; medium confidence.		Main Figure4C display candidate under compressed-module policy.
C1orf112	aquatic_specific	False	True	0.0	-0.103652	0.103652	aquatic slow direction negative	DNA repair / chromatin / cell-cycle	DNA repair / chromatin / cell-cycle	genome maintenance and replication-stress response	medium	True	True	False	False	genome maintenance and replication-stress response. Emerging genome-maintenance/DNA-repair factor; rescued with medium confidence.	UniProt; NCBI Gene; PubMed	Emerging genome-maintenance/DNA-repair factor; rescued with medium confidence.	Manual review: important rescue gene but still emerging literature.	Explicit final decision: retain as a main Figure4C representative gene.
CDC14B	aquatic_specific	False	True	0.0	-0.02977	0.02977	aquatic slow direction negative	DNA repair / chromatin / cell-cycle	DNA repair / chromatin / cell-cycle	cell-cycle phosphatase and DNA damage response	high	True	True	False	False	cell-cycle phosphatase and DNA damage response. Cell-cycle/DNA-damage-related phosphatase.	UniProt; NCBI Gene; GO	Cell-cycle/DNA-damage-related phosphatase.		Main Figure4C display candidate under compressed-module policy.
COMMD4	aquatic_specific	False	True	0.0	-0.0187271	0.0187271	aquatic slow direction negative	DNA repair / chromatin / cell-cycle	DNA repair / chromatin / cell-cycle	DNA double-strand-break response / chromatin remodeling	medium	True	True	False	False	DNA double-strand-break response / chromatin remodeling. Literature supports role in chromatin/DNA damage response; medium-confidence rescue.	UniProt; NCBI Gene; PubMed	Literature supports role in chromatin/DNA damage response; medium-confidence rescue.		Main Figure4C display candidate under compressed-module policy.
H1_8	aquatic_specific	False	True	0.0	-0.160269	0.160269	aquatic slow direction negative	DNA repair / chromatin / cell-cycle	DNA repair / chromatin / cell-cycle	linker histone / chromatin organization	high	True	True	False	False	linker histone / chromatin organization. Histone H1 variant; direct chromatin assignment.	UniProt; NCBI Gene; GO	Histone H1 variant; direct chromatin assignment.		Main Figure4C display candidate under compressed-module policy.
KIF18A	aquatic_specific	False	True	0.0	0.340198	0.340198	aquatic fast direction positive	DNA repair / chromatin / cell-cycle	DNA repair / chromatin / cell-cycle	mitotic kinesin / chromosome alignment	high	True	True	False	False	mitotic kinesin / chromosome alignment. Kinesin involved in mitotic chromosome dynamics.	UniProt; NCBI Gene; GO	Kinesin involved in mitotic chromosome dynamics.		Main Figure4C display candidate under compressed-module policy.
LRIF1	aquatic_specific	False	True	0.0	0.00997541	0.00997541	aquatic fast direction positive	DNA repair / chromatin / cell-cycle	DNA repair / chromatin / cell-cycle	heterochromatin/chromatin regulation	high	True	True	False	False	heterochromatin/chromatin regulation. Chromatin-associated regulator.	UniProt; NCBI Gene; GO	Chromatin-associated regulator.		Explicit final decision: retain as a main Figure4C representative gene.
ASH2L	marine_specific	True	False	-0.00671137	0.0	0.00671137	marine slow direction negative	DNA repair / chromatin / cell-cycle	DNA repair / chromatin / cell-cycle	histone methyltransferase complex subunit	high	True	True	False	False	histone methyltransferase complex subunit. COMPASS/MLL histone methylation complex component.	UniProt; NCBI Gene; GO; Reactome	COMPASS/MLL histone methylation complex component.		Main Figure4C display candidate under compressed-module policy.
FANCM	marine_specific	True	False	-0.215465	0.0	0.215465	marine slow direction negative	DNA repair / chromatin / cell-cycle	DNA repair / chromatin / cell-cycle	Fanconi anemia DNA-repair helicase/translocase	high	True	True	False	False	Fanconi anemia DNA-repair helicase/translocase. Canonical Fanconi anemia DNA-repair factor.	UniProt; NCBI Gene; GO; OMIM	Canonical Fanconi anemia DNA-repair factor.		Main Figure4C display candidate under compressed-module policy.
POLG	marine_specific	True	False	-0.12494	0.0	0.12494	marine slow direction negative	DNA repair / chromatin / cell-cycle	DNA repair / chromatin / cell-cycle	mitochondrial DNA polymerase	high	True	True	False	False	mitochondrial DNA polymerase. Mitochondrial DNA replication/repair polymerase.	UniProt; NCBI Gene; GO; OMIM	Mitochondrial DNA replication/repair polymerase.		Main Figure4C display candidate under compressed-module policy.
TPX2	marine_specific	True	False	-0.547364	0.0	0.547364	marine slow direction negative	DNA repair / chromatin / cell-cycle	DNA repair / chromatin / cell-cycle	spindle assembly and mitotic cell-cycle regulation	high	True	True	False	False	spindle assembly and mitotic cell-cycle regulation. Mitotic spindle/cell-cycle factor.	UniProt; NCBI Gene; GO	Mitotic spindle/cell-cycle factor.		Main Figure4C display candidate under compressed-module policy.
TRIM66	marine_specific	True	False	0.0785377	0.0	0.0785377	marine fast direction positive	DNA repair / chromatin / cell-cycle	DNA repair / chromatin / cell-cycle	chromatin-associated TRIM family regulator	medium	True	True	False	False	chromatin-associated TRIM family regulator. TRIM family chromatin/transcription factor; medium confidence.	UniProt; NCBI Gene; GO	TRIM family chromatin/transcription factor; medium confidence.		Main Figure4C display candidate under compressed-module policy.
BAMBI	aquatic_specific	False	True	0.0	0.0120734	0.0120734	aquatic fast direction positive	Developmental / transcriptional signaling regulators	Developmental / transcriptional signaling regulators	TGF-beta/BMP pathway regulator	high	True	True	False	False	TGF-beta/BMP pathway regulator. BMP/TGF-beta signaling modulator.	UniProt; NCBI Gene; GO	BMP/TGF-beta signaling modulator.		Main Figure4C display candidate under compressed-module policy.
FAM13A	aquatic_specific	False	True	0.0	0.348974	0.348974	aquatic fast direction positive	Developmental / transcriptional signaling regulators	Developmental / transcriptional signaling regulators	RhoGAP-associated signaling / airway epithelial biology	medium	True	True	False	False	RhoGAP-associated signaling / airway epithelial biology. RhoGAP-associated signaling gene with airway epithelial disease associations; best placed as broad signaling regulator.	UniProt; NCBI Gene; PubMed; GWAS Catalog	RhoGAP-associated signaling gene with airway epithelial disease associations; best placed as broad signaling regulator.	Manual review: multifunctional; avoid overinterpreting as immune or epithelial adaptation.	Main Figure4C display candidate under compressed-module policy.
FAM20B	aquatic_specific	False	True	0.0	-0.149046	0.149046	aquatic slow direction negative	Developmental / transcriptional signaling regulators	Developmental / transcriptional signaling regulators	glycosaminoglycan chain initiation / extracellular signaling matrix	medium	True	True	False	False	glycosaminoglycan chain initiation / extracellular signaling matrix. Kinase involved in glycosaminoglycan biosynthesis; placed in developmental/ECM signaling.	UniProt; NCBI Gene; GO	Kinase involved in glycosaminoglycan biosynthesis; placed in developmental/ECM signaling.	Manual review: could alternatively fit ECM/metabolism.	Main Figure4C display candidate under compressed-module policy.
FLYWCH1	aquatic_specific	False	True	0.0	-0.0104987	0.0104987	aquatic slow direction negative	Developmental / transcriptional signaling regulators	Developmental / transcriptional signaling regulators	zinc-finger transcriptional regulator	medium	True	True	False	False	zinc-finger transcriptional regulator. Zinc-finger transcriptional regulator; medium confidence.	UniProt; NCBI Gene; GO	Zinc-finger transcriptional regulator; medium confidence.		Main Figure4C display candidate under compressed-module policy.
FZD5	aquatic_specific	False	True	0.0	0.130676	0.130676	aquatic fast direction positive	Developmental / transcriptional signaling regulators	Developmental / transcriptional signaling regulators	Wnt/frizzled receptor signaling	high	True	True	False	False	Wnt/frizzled receptor signaling. Frizzled receptor in Wnt signaling; priority rescue.	UniProt; NCBI Gene; GO; Reactome	Frizzled receptor in Wnt signaling; priority rescue.		Main Figure4C display candidate under compressed-module policy.
KEAP1	aquatic_specific	False	True	0.0	-0.198837	0.198837	aquatic slow direction negative	Developmental / transcriptional signaling regulators	Developmental / transcriptional signaling regulators	NRF2 pathway regulator / stress-response signaling	high	True	True	False	False	NRF2 pathway regulator / stress-response signaling. KEAP1-NRF2 stress-response signaling regulator.	UniProt; NCBI Gene; Reactome; GO	KEAP1-NRF2 stress-response signaling regulator.		Main Figure4C display candidate under compressed-module policy.
NWD1	aquatic_specific	False	True	0.0	0.404559	0.404559	aquatic fast direction positive	Developmental / transcriptional signaling regulators	Developmental / transcriptional signaling regulators	NACHT/WD-repeat signaling scaffold	medium	True	True	False	False	NACHT/WD-repeat signaling scaffold. NACHT/WD-repeat protein; broad signaling/regulatory placement with medium confidence.	UniProt; NCBI Gene; GO	NACHT/WD-repeat protein; broad signaling/regulatory placement with medium confidence.		Main Figure4C display candidate under compressed-module policy.
PMIS2	aquatic_specific	False	True	0.0	-0.390725	0.390725	aquatic slow direction negative	Developmental / transcriptional signaling regulators	Developmental / transcriptional signaling regulators	regulatory/noncanonical transcriptional association	low	False	False	True	False	regulatory/noncanonical transcriptional association. Poorly characterized; keep low confidence within broad regulatory bucket only if shown.	NCBI Gene; HGNC	Poorly characterized; keep low confidence within broad regulatory bucket only if shown.	Manual review: weak annotation; consider Table S5 only.	
RAC3	aquatic_specific	False	True	0.0	-0.081497	0.081497	aquatic slow direction negative	Developmental / transcriptional signaling regulators	Developmental / transcriptional signaling regulators	Rho-family small GTPase signaling	high	True	True	False	False	Rho-family small GTPase signaling. Small GTPase signaling regulator.	UniProt; NCBI Gene; GO; Reactome	Small GTPase signaling regulator.		Main Figure4C display candidate under compressed-module policy.
TIGD7	aquatic_specific	False	True	0.0	-0.153351	0.153351	aquatic slow direction negative	Developmental / transcriptional signaling regulators	Developmental / transcriptional signaling regulators	transposase-derived DNA-binding/regulatory protein	low	False	False	True	False	transposase-derived DNA-binding/regulatory protein. Transposase-derived gene; functional assignment weak.	NCBI Gene; HGNC	Transposase-derived gene; functional assignment weak.	Manual review: low confidence; candidate for Table S5 only.	
TTC28	aquatic_specific	False	True	0.0	-0.237915	0.237915	aquatic slow direction negative	Developmental / transcriptional signaling regulators	Developmental / transcriptional signaling regulators	tetratricopeptide-repeat regulatory scaffold	low	False	False	True	False	tetratricopeptide-repeat regulatory scaffold. Large TPR-repeat protein with limited functional specificity; low confidence.	NCBI Gene; HGNC	Large TPR-repeat protein with limited functional specificity; low confidence.	Manual review: avoid mechanistic interpretation.	
URI1	aquatic_specific	False	True	0.0	-0.0784755	0.0784755	aquatic slow direction negative	Developmental / transcriptional signaling regulators	Developmental / transcriptional signaling regulators	prefoldin-like transcriptional/chaperone regulator	medium	True	True	False	False	prefoldin-like transcriptional/chaperone regulator. Prefoldin-like protein with transcriptional/regulatory functions.	UniProt; NCBI Gene; GO	Prefoldin-like protein with transcriptional/regulatory functions.		Main Figure4C display candidate under compressed-module policy.
ACVR1	marine_specific	True	False	-0.0383733	0.0	0.0383733	marine slow direction negative	Developmental / transcriptional signaling regulators	Developmental / transcriptional signaling regulators	BMP/activin receptor signaling	high	True	True	False	False	BMP/activin receptor signaling. BMP/activin receptor with developmental signaling roles.	UniProt; NCBI Gene; GO; OMIM	BMP/activin receptor with developmental signaling roles.		Main Figure4C display candidate under compressed-module policy.
HOXD10	marine_specific	True	False	0.280207	0.0	0.280207	marine fast direction positive	Developmental / transcriptional signaling regulators	Developmental / transcriptional signaling regulators	homeobox developmental transcription factor	high	True	True	False	False	homeobox developmental transcription factor. Homeobox developmental regulator.	UniProt; NCBI Gene; GO	Homeobox developmental regulator.		Main Figure4C display candidate under compressed-module policy.
NR2C2AP	marine_specific	True	False	0.0628653	0.0	0.0628653	marine fast direction positive	Developmental / transcriptional signaling regulators	Developmental / transcriptional signaling regulators	nuclear receptor coactivator / transcriptional regulation	medium	True	True	False	False	nuclear receptor coactivator / transcriptional regulation. Nuclear receptor coactivator-like gene; broad transcriptional regulatory assignment.	UniProt; NCBI Gene; GO	Nuclear receptor coactivator-like gene; broad transcriptional regulatory assignment.		Main Figure4C display candidate under compressed-module policy.
RNF224	marine_specific	True	False	0.0826572	0.0	0.0826572	marine fast direction positive	Developmental / transcriptional signaling regulators	Developmental / transcriptional signaling regulators	E3 ubiquitin ligase-like regulatory protein	low	False	False	True	False	E3 ubiquitin ligase-like regulatory protein. Poorly characterized RNF-family gene; low-confidence regulatory placement.	NCBI Gene; HGNC	Poorly characterized RNF-family gene; low-confidence regulatory placement.	Manual review: low evidence; consider unassigned if conservative.	
VEPH1	marine_specific	True	False	-0.163678	0.0	0.163678	marine slow direction negative	Developmental / transcriptional signaling regulators	Developmental / transcriptional signaling regulators	TGF-beta/BMP-associated developmental signaling	medium	True	True	False	False	TGF-beta/BMP-associated developmental signaling. VEPH1 associated with TGF-beta/BMP pathway regulation; medium confidence.	UniProt; NCBI Gene; PubMed	VEPH1 associated with TGF-beta/BMP pathway regulation; medium confidence.		Main Figure4C display candidate under compressed-module policy.
SOX7	shared	True	True	-0.0651623	-0.0288474	0.0651623	marine slow direction negative; aquatic slow direction negative	Developmental / transcriptional signaling regulators	Developmental / transcriptional signaling regulators	SOX-family transcription factor / vascular-development signaling	high	True	True	False	False	SOX-family transcription factor / vascular-development signaling. SOX transcription factor with developmental/vascular roles.	UniProt; NCBI Gene; GO	SOX transcription factor with developmental/vascular roles.		Main Figure4C display candidate under compressed-module policy.
CASTOR1	aquatic_specific	False	True	0.0	-0.0825057	0.0825057	aquatic slow direction negative	Endocrine / circadian / systemic metabolic regulation	Endocrine / circadian / systemic regulation	arginine sensor / mTORC1 nutrient signaling	high	True	True	False	False	arginine sensor / mTORC1 nutrient signaling. Nutrient-sensing regulator of mTORC1 signaling.	UniProt; NCBI Gene; Reactome; GO	Nutrient-sensing regulator of mTORC1 signaling.		Main Figure4C display candidate under compressed-module policy.
GCKR	aquatic_specific	False	True	0.0	0.176184	0.176184	aquatic fast direction positive	Endocrine / circadian / systemic metabolic regulation	Endocrine / circadian / systemic regulation	glucokinase regulatory protein / systemic glucose metabolism	high	True	True	False	False	glucokinase regulatory protein / systemic glucose metabolism. Regulator of glucokinase and systemic glucose/lipid metabolism.	UniProt; NCBI Gene; GO; OMIM	Regulator of glucokinase and systemic glucose/lipid metabolism.		Main Figure4C display candidate under compressed-module policy.
PER1	aquatic_specific	False	True	0.0	0.784004	0.784004	aquatic fast direction positive	Endocrine / circadian / systemic metabolic regulation	Endocrine / circadian / systemic regulation	core circadian clock gene	high	True	True	False	False	core circadian clock gene. Core circadian clock component; priority rescue.	UniProt; NCBI Gene; GO; Reactome	Core circadian clock component; priority rescue.		Main Figure4C display candidate under compressed-module policy.
CREB3L3	marine_specific	True	False	-0.150758	0.0	0.150758	marine slow direction negative	Endocrine / circadian / systemic metabolic regulation	Endocrine / circadian / systemic regulation	hepatic CREB-family metabolic transcription factor	high	True	True	False	False	hepatic CREB-family metabolic transcription factor. Transcription factor regulating systemic/hepatic metabolic programs.	UniProt; NCBI Gene; GO; PubMed	Transcription factor regulating systemic/hepatic metabolic programs.		Main Figure4C display candidate under compressed-module policy.
CYP21A2	marine_specific	True	False	-0.0450853	0.0	0.0450853	marine slow direction negative	Endocrine / circadian / systemic metabolic regulation	Endocrine / circadian / systemic regulation	steroid hormone biosynthesis enzyme	high	True	True	False	False	steroid hormone biosynthesis enzyme. Steroidogenic enzyme; endocrine hormone assignment.	UniProt; NCBI Gene; GO; OMIM	Steroidogenic enzyme; endocrine hormone assignment.		Main Figure4C display candidate under compressed-module policy.
SSTR4	marine_specific	True	False	0.13794	0.0	0.13794	marine fast direction positive	Endocrine / circadian / systemic metabolic regulation	Endocrine / circadian / systemic regulation	somatostatin receptor / neuroendocrine signaling	high	True	True	False	False	somatostatin receptor / neuroendocrine signaling. Somatostatin receptor; priority neuroendocrine rescue.	UniProt; NCBI Gene; GO	Somatostatin receptor; priority neuroendocrine rescue.		Main Figure4C display candidate under compressed-module policy.
ASMTL	shared	True	True	-0.225475	-0.00682425	0.225475	marine slow direction negative; aquatic slow direction negative	Unassigned / low-confidence	Endocrine / circadian / systemic regulation	ASMT/ASMTL-locus; melatonin-pathway-adjacent methyltransferase-like candidate	low	False	False	True	False	ASMTL is retained as an ASMT/ASMTL-locus and melatonin-pathway-adjacent context-only candidate. ASMTL ranks 262nd by marine t-test p-value, whereas ASMT ranks 3513th and is not significant in the current screen; therefore ASMTL should not be interpreted as direct evidence for altered melatonin secretion. Use only as cautious context in Supplementary Table S5 or Discussion.	NCBI Gene; HGNC; PMID:39859321; NCBI Gene; HGNC	ASMTL is retained as an ASMT/ASMTL-locus and melatonin-pathway-adjacent context-only candidate. ASMTL ranks 262nd by marine t-test p-value, whereas ASMT ranks 3513th and is not significant in the current screen; therefore ASMTL should not be interpreted as direct evidence for altered melatonin secretion. Use only as cautious context in Supplementary Table S5 or Discussion.	ASMTL is retained as an ASMT/ASMTL-locus and melatonin-pathway-adjacent context-only candidate. ASMTL ranks 262nd by marine t-test p-value, whereas ASMT ranks 3513th and is not significant in the current screen; therefore ASMTL should not be interpreted as direct evidence for altered melatonin secretion. Use only as cautious context in Supplementary Table S5 or Discussion.	Table S5-only ASMT/ASMTL-locus context; not displayed in main Figure4C and not evidence for direct altered melatonin secretion.
CDHR4	aquatic_specific	False	True	0.0	-0.0433598	0.0433598	aquatic slow direction negative	Epithelial / body-surface interface	Epithelial / body-surface interface	cadherin-related epithelial/retinal adhesion	medium	True	True	False	False	cadherin-related epithelial/retinal adhesion. Cadherin-related membrane adhesion gene; use medium confidence as epithelial/adhesion interface gene.	UniProt; NCBI Gene; GO	Cadherin-related membrane adhesion gene; use medium confidence as epithelial/adhesion interface gene.	Manual review: could alternatively be adhesion/cytoskeletal.	Main Figure4C display candidate under compressed-module policy.
PRSS53	aquatic_specific	False	True	0.0	0.194084	0.194084	aquatic fast direction positive	Epithelial / body-surface interface	Epithelial / body-surface interface	epithelial/skin serine protease-like factor	medium	True	True	False	False	epithelial/skin serine protease-like factor. Serine protease family gene associated with hair/skin epithelial traits; include as medium-confidence body-surface interface.	UniProt; NCBI Gene; GO; PubMed	Serine protease family gene associated with hair/skin epithelial traits; include as medium-confidence body-surface interface.		Main Figure4C display candidate under compressed-module policy.
SPINT4	aquatic_specific	False	True	0.0	-0.0769933	0.0769933	aquatic slow direction negative	Epithelial / body-surface interface	Epithelial / body-surface interface	secreted serine protease inhibitor / epithelial protease regulation	medium	True	True	False	False	secreted serine protease inhibitor / epithelial protease regulation. Serine protease inhibitor family member; plausible epithelial/protease-interface placement.	UniProt; NCBI Gene; GO	Serine protease inhibitor family member; plausible epithelial/protease-interface placement.	Manual review: limited functional literature; keep medium confidence.	Main Figure4C display candidate under compressed-module policy.
ALOX12B	marine_specific	True	False	0.149754	0.0	0.149754	marine fast direction positive	Epithelial / body-surface interface	Epithelial / body-surface interface	epidermal lipid processing and skin barrier formation	high	True	True	False	False	epidermal lipid processing and skin barrier formation. Lipoxygenase linked to epidermal barrier lipid metabolism and ichthyosis phenotypes.	UniProt; NCBI Gene; GO; OMIM	Lipoxygenase linked to epidermal barrier lipid metabolism and ichthyosis phenotypes.		Main Figure4C display candidate under compressed-module policy.
CAPN14	marine_specific	True	False	0.342439	0.0	0.342439	marine fast direction positive	Epithelial / body-surface interface	Epithelial / body-surface interface	epithelial calpain/protease function	medium	True	True	False	False	epithelial calpain/protease function. Epithelial-enriched calpain with disease links in esophageal epithelial inflammation; suitable as body-surface/epithelial interface gene.	UniProt; NCBI Gene; GO; PubMed	Epithelial-enriched calpain with disease links in esophageal epithelial inflammation; suitable as body-surface/epithelial interface gene.		Main Figure4C display candidate under compressed-module policy.
KRT17	marine_specific	True	False	0.189862	0.0	0.189862	marine fast direction positive	Epithelial / body-surface interface	Epithelial / body-surface interface	keratin intermediate filament and epithelial stress response	high	True	True	False	False	keratin intermediate filament and epithelial stress response. Keratin gene with strong epithelial/barrier cytoskeleton function.	UniProt; NCBI Gene; GO; OMIM	Keratin gene with strong epithelial/barrier cytoskeleton function.		Main Figure4C display candidate under compressed-module policy.
TGM5	marine_specific	True	False	0.0730096	0.0	0.0730096	marine fast direction positive	Epithelial / body-surface interface	Epithelial / body-surface interface	epidermal transglutaminase/cornification	high	True	True	False	False	epidermal transglutaminase/cornification. Transglutaminase with epidermal barrier/cornification relevance.	UniProt; NCBI Gene; GO; OMIM	Transglutaminase with epidermal barrier/cornification relevance.		Main Figure4C display candidate under compressed-module policy.
KRTDAP	shared	True	True	0.386566	0.0447306	0.386566	marine fast direction positive; aquatic fast direction positive	Epithelial / body-surface interface	Epithelial / body-surface interface	keratinocyte differentiation-associated protein	high	True	True	False	False	keratinocyte differentiation-associated protein. Canonical keratinocyte differentiation marker; fits epithelial barrier/body-surface interface.	UniProt; NCBI Gene; GO	Canonical keratinocyte differentiation marker; fits epithelial barrier/body-surface interface.		Main Figure4C display candidate under compressed-module policy.
SDR9C7	shared	True	True	0.40939	0.220182	0.40939	marine fast direction positive; aquatic fast direction positive	Epithelial / body-surface interface	Epithelial / body-surface interface	epidermal lipid/barrier metabolism	high	True	True	False	False	epidermal lipid/barrier metabolism. Short-chain dehydrogenase/reductase required for epidermal barrier lipid processing.	UniProt; NCBI Gene; GO; OMIM	Short-chain dehydrogenase/reductase required for epidermal barrier lipid processing.		Main Figure4C display candidate under compressed-module policy.
TGM1	shared	True	True	0.0321439	0.0320266	0.0321439	marine fast direction positive; aquatic fast direction positive	Epithelial / body-surface interface	Epithelial / body-surface interface	transglutaminase-mediated cornified envelope formation	high	True	True	False	False	transglutaminase-mediated cornified envelope formation. Transglutaminase central to cornified envelope/skin barrier.	UniProt; NCBI Gene; GO; OMIM	Transglutaminase central to cornified envelope/skin barrier.		Main Figure4C display candidate under compressed-module policy.
TGM3	shared	True	True	0.691315	1.04081	1.04081	marine fast direction positive; aquatic fast direction positive	Epithelial / body-surface interface	Epithelial / body-surface interface	epidermal/hair transglutaminase cross-linking	high	True	True	False	False	epidermal/hair transglutaminase cross-linking. Transglutaminase involved in epithelial/hair structural cross-linking.	UniProt; NCBI Gene; GO; OMIM	Transglutaminase involved in epithelial/hair structural cross-linking.		Main Figure4C display candidate under compressed-module policy.
CSMD1	aquatic_specific	False	True	0.0	0.0435718	0.0435718	aquatic fast direction positive	Immune / inflammatory regulation	Immune / inflammatory regulation	complement-control domain membrane protein	medium	True	True	False	False	complement-control domain membrane protein. Contains CUB/sushi complement-control domains; immune/complement placement plausible but broad.	UniProt; NCBI Gene; GO	Contains CUB/sushi complement-control domains; immune/complement placement plausible but broad.	Manual review: large multifunctional membrane gene; alternative neural/adhesion interpretations possible.	Main Figure4C display candidate under compressed-module policy.
MEFV	aquatic_specific	False	True	0.0	-0.106235	0.106235	aquatic slow direction negative	Immune / inflammatory regulation	Immune / inflammatory regulation	inflammasome/autoinflammatory regulation	high	True	True	False	False	inflammasome/autoinflammatory regulation. Pyrin/autoinflammatory disease gene; strong immune/inflammatory assignment.	UniProt; NCBI Gene; GO; OMIM	Pyrin/autoinflammatory disease gene; strong immune/inflammatory assignment.		Main Figure4C display candidate under compressed-module policy.
NLRP8	aquatic_specific	False	True	0.0	-0.249358	0.249358	aquatic slow direction negative	Immune / inflammatory regulation	Immune / inflammatory regulation	NLR-family innate immune/inflammasome-related receptor	medium	True	True	False	False	NLR-family innate immune/inflammasome-related receptor. NOD-like receptor family gene; immune assignment is plausible but less characterized than canonical inflammasome genes.	UniProt; NCBI Gene; GO	NOD-like receptor family gene; immune assignment is plausible but less characterized than canonical inflammasome genes.	Manual review: NLRP8 function less deeply curated; keep medium confidence.	Main Figure4C display candidate under compressed-module policy.
SIGIRR	aquatic_specific	False	True	0.0	-0.210303	0.210303	aquatic slow direction negative	Immune / inflammatory regulation	Immune / inflammatory regulation	negative regulation of IL-1/Toll-like receptor signaling	high	True	True	False	False	negative regulation of IL-1/Toll-like receptor signaling. Known inhibitor/regulator of IL-1 receptor/TLR signaling.	UniProt; NCBI Gene; GO; Reactome	Known inhibitor/regulator of IL-1 receptor/TLR signaling.		Main Figure4C display candidate under compressed-module policy.
XCR1	aquatic_specific	False	True	0.0	-0.128895	0.128895	aquatic slow direction negative	Immune / inflammatory regulation	Immune / inflammatory regulation	chemokine receptor for dendritic-cell immune signaling	high	True	True	False	False	chemokine receptor for dendritic-cell immune signaling. Chemokine receptor with immune-cell signaling function.	UniProt; NCBI Gene; GO	Chemokine receptor with immune-cell signaling function.		Main Figure4C display candidate under compressed-module policy.
IL36G	marine_specific	True	False	0.16602	0.0	0.16602	marine fast direction positive	Immune / inflammatory regulation	Immune / inflammatory regulation	IL-36 cytokine / inflammatory skin and epithelial immunity	high	True	True	False	False	IL-36 cytokine / inflammatory skin and epithelial immunity. Interleukin-36 cytokine with strong inflammatory/epithelial immune role; priority rescue gene.	UniProt; NCBI Gene; GO; PubMed	Interleukin-36 cytokine with strong inflammatory/epithelial immune role; priority rescue gene.		Main Figure4C display candidate under compressed-module policy.
TREM2	marine_specific	True	False	-0.0898257	0.0	0.0898257	marine slow direction negative	Immune / inflammatory regulation	Immune / inflammatory regulation	myeloid immune receptor and inflammatory regulation	high	True	True	False	False	myeloid immune receptor and inflammatory regulation. Myeloid receptor with immune/inflammatory and microglial biology.	UniProt; NCBI Gene; GO; OMIM	Myeloid receptor with immune/inflammatory and microglial biology.		Main Figure4C display candidate under compressed-module policy.
IL33	shared	True	True	0.270443	0.340039	0.340039	marine fast direction positive; aquatic fast direction positive	Immune / inflammatory regulation	Immune / inflammatory regulation	interleukin cytokine and epithelial immune signaling	high	True	True	False	False	interleukin cytokine and epithelial immune signaling. Interleukin cytokine/alarming immune mediator.	UniProt; NCBI Gene; GO	Interleukin cytokine/alarming immune mediator.		Main Figure4C display candidate under compressed-module policy.
CACNA1G	aquatic_specific	False	True	0.0	0.593855	0.593855	aquatic fast direction positive	Ion channels and membrane signaling	Ion channels / mechanosensation / membrane signaling	T-type calcium channel subunit	high	True	True	False	False	T-type calcium channel subunit. Voltage-gated calcium channel subunit.	UniProt; NCBI Gene; GO; OMIM	Voltage-gated calcium channel subunit.		Main Figure4C display candidate under compressed-module policy.
IP6K1	aquatic_specific	False	True	0.0	-0.00832535	0.00832535	aquatic slow direction negative	Ion channels and membrane signaling	Ion channels / mechanosensation / membrane signaling	inositol phosphate kinase signaling	medium	True	False	True	False	inositol phosphate kinase signaling. Inositol phosphate kinase; broad membrane/signaling placement.	UniProt; NCBI Gene; Reactome; GO	Inositol phosphate kinase; broad membrane/signaling placement.	Manual review: broad metabolic/signaling gene; keep medium confidence.	Explicit final decision: retain annotation in Table S5 only; do not display in main Figure4C.
NOXO1	aquatic_specific	False	True	0.0	-0.0179148	0.0179148	aquatic slow direction negative	Ion channels and membrane signaling	Ion channels / mechanosensation / membrane signaling	NADPH oxidase organizer / membrane redox signaling	medium	True	False	True	False	NADPH oxidase organizer / membrane redox signaling. NADPH oxidase organizer in membrane redox signaling; close to signaling rather than metabolism.	UniProt; NCBI Gene; GO	NADPH oxidase organizer in membrane redox signaling; close to signaling rather than metabolism.		Explicit final decision: retain annotation in Table S5 only; do not display in main Figure4C.
PI4KA	aquatic_specific	False	True	0.0	-0.161214	0.161214	aquatic slow direction negative	Ion channels and membrane signaling	Ion channels / mechanosensation / membrane signaling	phosphoinositide membrane signaling kinase	high	True	True	False	False	phosphoinositide membrane signaling kinase. Membrane phosphoinositide kinase supporting membrane signaling.	UniProt; NCBI Gene; Reactome; GO	Membrane phosphoinositide kinase supporting membrane signaling.		Main Figure4C display candidate under compressed-module policy.
PIEZO1	aquatic_specific	False	True	0.0	0.100221	0.100221	aquatic fast direction positive	Ion channels and membrane signaling	Ion channels / mechanosensation / membrane signaling	mechanosensitive ion channel	high	True	True	False	False	mechanosensitive ion channel. Canonical mechanosensitive ion channel.	UniProt; NCBI Gene; GO; OMIM	Canonical mechanosensitive ion channel.		Main Figure4C display candidate under compressed-module policy.
CALHM1	marine_specific	True	False	0.145697	0.0	0.145697	marine fast direction positive	Ion channels and membrane signaling	Ion channels / mechanosensation / membrane signaling	calcium homeostasis modulator channel	high	True	True	False	False	calcium homeostasis modulator channel. Membrane channel involved in calcium homeostasis.	UniProt; NCBI Gene; GO	Membrane channel involved in calcium homeostasis.		Main Figure4C display candidate under compressed-module policy.
KCNK18	shared	True	True	0.439288	0.217561	0.439288	marine fast direction positive; aquatic fast direction positive	Ion channels and membrane signaling	Ion channels / mechanosensation / membrane signaling	two-pore-domain potassium channel	high	True	True	False	False	two-pore-domain potassium channel. Potassium channel; direct ion-channel assignment.	UniProt; NCBI Gene; GO; OMIM	Potassium channel; direct ion-channel assignment.		Main Figure4C display candidate under compressed-module policy.
CLTCL1	aquatic_specific	False	True	0.0	-0.122013	0.122013	aquatic slow direction negative	Membrane trafficking / ER / vesicle processing	Membrane trafficking / ER / vesicle processing	clathrin heavy-chain-like vesicle coat	high	True	False	True	False	clathrin heavy-chain-like vesicle coat. Clathrin-like vesicle coat protein.	UniProt; NCBI Gene; GO	Clathrin-like vesicle coat protein.		Optional/Table S5-only by default because membrane trafficking / ER / vesicle processing is excluded from main Figure4C.
LLGL1	aquatic_specific	False	True	0.0	0.0221096	0.0221096	aquatic fast direction positive	Membrane trafficking / ER / vesicle processing	Membrane trafficking / ER / vesicle processing	cell-polarity and vesicle trafficking regulator	medium	True	False	True	False	cell-polarity and vesicle trafficking regulator. Lethal giant larvae homolog linked to polarity/vesicle trafficking.	UniProt; NCBI Gene; GO	Lethal giant larvae homolog linked to polarity/vesicle trafficking.		Optional/Table S5-only by default because membrane trafficking / ER / vesicle processing is excluded from main Figure4C.
SEC61A2	aquatic_specific	False	True	0.0	0.176584	0.176584	aquatic fast direction positive	Membrane trafficking / ER / vesicle processing	Membrane trafficking / ER / vesicle processing	ER protein-translocation channel subunit	high	True	False	True	False	ER protein-translocation channel subunit. SEC61 translocon subunit; ER protein processing.	UniProt; NCBI Gene; GO; Reactome	SEC61 translocon subunit; ER protein processing.		Optional/Table S5-only by default because membrane trafficking / ER / vesicle processing is excluded from main Figure4C.
SYTL5	aquatic_specific	False	True	0.0	0.265994	0.265994	aquatic fast direction positive	Membrane trafficking / ER / vesicle processing	Membrane trafficking / ER / vesicle processing	synaptotagmin-like vesicle trafficking	medium	True	False	True	False	synaptotagmin-like vesicle trafficking. Synaptotagmin-like Rab effector/vesicle trafficking protein.	UniProt; NCBI Gene; GO	Synaptotagmin-like Rab effector/vesicle trafficking protein.		Optional/Table S5-only by default because membrane trafficking / ER / vesicle processing is excluded from main Figure4C.
APH1B	marine_specific	True	False	-0.152261	0.0	0.152261	marine slow direction negative	Membrane trafficking / ER / vesicle processing	Membrane trafficking / ER / vesicle processing	gamma-secretase complex subunit / membrane proteolysis	high	True	False	True	False	gamma-secretase complex subunit / membrane proteolysis. Membrane protein processing/gamma-secretase complex.	UniProt; NCBI Gene; Reactome	Membrane protein processing/gamma-secretase complex.		Optional/Table S5-only by default because membrane trafficking / ER / vesicle processing is excluded from main Figure4C.
ATG2A	marine_specific	True	False	-0.0892133	0.0	0.0892133	marine slow direction negative	Membrane trafficking / ER / vesicle processing	Membrane trafficking / ER / vesicle processing	autophagy membrane transfer protein	high	True	False	True	False	autophagy membrane transfer protein. Autophagy membrane dynamics factor.	UniProt; NCBI Gene; GO; Reactome	Autophagy membrane dynamics factor.		Optional/Table S5-only by default because membrane trafficking / ER / vesicle processing is excluded from main Figure4C.
BAK1	marine_specific	True	False	-0.02207	0.0	0.02207	marine slow direction negative	Membrane trafficking / ER / vesicle processing	Membrane trafficking / ER / vesicle processing	mitochondrial apoptosis membrane protein	medium	True	False	True	False	mitochondrial apoptosis membrane protein. BCL2-family mitochondrial membrane apoptosis regulator; kept in membrane/ER/vesicle optional module.	UniProt; NCBI Gene; GO; Reactome	BCL2-family mitochondrial membrane apoptosis regulator; kept in membrane/ER/vesicle optional module.	Manual review: could form cell-death module, but single gene does not justify extra Figure 4C row.	Optional/Table S5-only by default because membrane trafficking / ER / vesicle processing is excluded from main Figure4C.
ESYT3	marine_specific	True	False	0.153832	0.0	0.153832	marine fast direction positive	Membrane trafficking / ER / vesicle processing	Membrane trafficking / ER / vesicle processing	ER-plasma-membrane contact/tethering protein	high	True	False	True	False	ER-plasma-membrane contact/tethering protein. Extended synaptotagmin family membrane contact protein.	UniProt; NCBI Gene; GO	Extended synaptotagmin family membrane contact protein.		Optional/Table S5-only by default because membrane trafficking / ER / vesicle processing is excluded from main Figure4C.
ABHD8	aquatic_specific	False	True	0.0	0.123392	0.123392	aquatic fast direction positive	Fatty-acid / lipid / peroxisomal metabolism	Metabolism / redox / lipid handling	alpha/beta hydrolase domain lipid enzyme	medium	True	True	False	False	alpha/beta hydrolase domain lipid enzyme. Hydrolase-domain protein; lipid/metabolic placement plausible but less specific.	UniProt; NCBI Gene; GO	Hydrolase-domain protein; lipid/metabolic placement plausible but less specific.		Main Figure4C display candidate under compressed-module policy.
ACADSB	aquatic_specific	False	True	0.0	-0.238865	0.238865	aquatic slow direction negative	Fatty-acid / lipid / peroxisomal metabolism	Metabolism / redox / lipid handling	branched-chain acyl-CoA dehydrogenase / fatty-acid oxidation	high	True	True	False	False	branched-chain acyl-CoA dehydrogenase / fatty-acid oxidation. Mitochondrial acyl-CoA dehydrogenase; fatty-acid/amino-acid oxidation.	UniProt; NCBI Gene; GO; OMIM	Mitochondrial acyl-CoA dehydrogenase; fatty-acid/amino-acid oxidation.		Main Figure4C display candidate under compressed-module policy.
ACOX3	aquatic_specific	False	True	0.0	-0.11813	0.11813	aquatic slow direction negative	Fatty-acid / lipid / peroxisomal metabolism	Metabolism / redox / lipid handling	peroxisomal acyl-CoA oxidase	high	True	True	False	False	peroxisomal acyl-CoA oxidase. Peroxisomal acyl-CoA oxidase; priority rescue.	UniProt; NCBI Gene; GO	Peroxisomal acyl-CoA oxidase; priority rescue.		Main Figure4C display candidate under compressed-module policy.
ARSA	aquatic_specific	False	True	0.0	0.086237	0.086237	aquatic fast direction positive	Mitochondrial / redox / intermediary metabolism	Metabolism / redox / lipid handling	lysosomal sulfatide metabolism	high	True	True	False	False	lysosomal sulfatide metabolism. Lysosomal arylsulfatase; metabolic catabolism assignment.	UniProt; NCBI Gene; GO; OMIM	Lysosomal arylsulfatase; metabolic catabolism assignment.		Main Figure4C display candidate under compressed-module policy.
EHHADH	aquatic_specific	False	True	0.0	-0.134705	0.134705	aquatic slow direction negative	Fatty-acid / lipid / peroxisomal metabolism	Metabolism / redox / lipid handling	peroxisomal beta-oxidation enzyme	high	True	True	False	False	peroxisomal beta-oxidation enzyme. Peroxisomal bifunctional enzyme in fatty-acid beta-oxidation.	UniProt; NCBI Gene; GO	Peroxisomal bifunctional enzyme in fatty-acid beta-oxidation.		Main Figure4C display candidate under compressed-module policy.
GGTLC1	aquatic_specific	False	True	0.0	-0.291164	0.291164	aquatic slow direction negative	Mitochondrial / redox / intermediary metabolism	Metabolism / redox / lipid handling	glutathione/gamma-glutamyl metabolism	medium	True	True	False	False	glutathione/gamma-glutamyl metabolism. Gamma-glutamyltransferase-like genes; metabolic/redox placement plausible.	UniProt; NCBI Gene; GO	Gamma-glutamyltransferase-like genes; metabolic/redox placement plausible.		Main Figure4C display candidate under compressed-module policy.
GGTLC3	aquatic_specific	False	True	0.0	-0.0726999	0.0726999	aquatic slow direction negative	Mitochondrial / redox / intermediary metabolism	Metabolism / redox / lipid handling	glutathione/gamma-glutamyl metabolism	medium	True	True	False	False	glutathione/gamma-glutamyl metabolism. Gamma-glutamyltransferase-like genes; metabolic/redox placement plausible.	UniProt; NCBI Gene; GO	Gamma-glutamyltransferase-like genes; metabolic/redox placement plausible.		Main Figure4C display candidate under compressed-module policy.
HPRT1	aquatic_specific	False	True	0.0	-0.0995975	0.0995975	aquatic slow direction negative	Mitochondrial / redox / intermediary metabolism	Metabolism / redox / lipid handling	purine salvage metabolism	high	True	True	False	False	purine salvage metabolism. Canonical purine-salvage enzyme.	UniProt; NCBI Gene; GO; OMIM	Canonical purine-salvage enzyme.		Main Figure4C display candidate under compressed-module policy.
KMO	aquatic_specific	False	True	0.0	-0.0725496	0.0725496	aquatic slow direction negative	Mitochondrial / redox / intermediary metabolism	Metabolism / redox / lipid handling	kynurenine pathway oxidoreductase	high	True	True	False	False	kynurenine pathway oxidoreductase. Kynurenine metabolism enzyme.	UniProt; NCBI Gene; GO	Kynurenine metabolism enzyme.		Main Figure4C display candidate under compressed-module policy.
PDK1	aquatic_specific	False	True	0.0	-0.0696001	0.0696001	aquatic slow direction negative	Mitochondrial / redox / intermediary metabolism	Metabolism / redox / lipid handling	pyruvate dehydrogenase kinase / glucose metabolism	high	True	True	False	False	pyruvate dehydrogenase kinase / glucose metabolism. Key regulator of pyruvate dehydrogenase and oxidative metabolism.	UniProt; NCBI Gene; GO	Key regulator of pyruvate dehydrogenase and oxidative metabolism.		Main Figure4C display candidate under compressed-module policy.
PFKP	aquatic_specific	False	True	0.0	-0.356881	0.356881	aquatic slow direction negative	Mitochondrial / redox / intermediary metabolism	Metabolism / redox / lipid handling	glycolytic phosphofructokinase	high	True	True	False	False	glycolytic phosphofructokinase. Canonical glycolytic enzyme.	UniProt; NCBI Gene; GO	Canonical glycolytic enzyme.		Main Figure4C display candidate under compressed-module policy.
PPP1R3A	aquatic_specific	False	True	0.0	-0.0310971	0.0310971	aquatic slow direction negative	Mitochondrial / redox / intermediary metabolism	Metabolism / redox / lipid handling	glycogen metabolism regulation	high	True	True	False	False	glycogen metabolism regulation. Regulatory subunit of protein phosphatase 1 targeting glycogen metabolism.	UniProt; NCBI Gene; GO	Regulatory subunit of protein phosphatase 1 targeting glycogen metabolism.		Main Figure4C display candidate under compressed-module policy.
TMPPE	aquatic_specific	False	True	0.0	-0.00232451	0.00232451	aquatic slow direction negative	Fatty-acid / lipid / peroxisomal metabolism	Metabolism / redox / lipid handling	transmembrane phosphoesterase / lipid-like metabolism	low	False	False	True	False	transmembrane phosphoesterase / lipid-like metabolism. Poorly characterized membrane phosphoesterase; keep low-confidence lipid/metabolic only in Table S5.	UniProt; NCBI Gene	Poorly characterized membrane phosphoesterase; keep low-confidence lipid/metabolic only in Table S5.	Manual review: low evidence; do not emphasize in main figure if space constrained.	
DCXR	marine_specific	True	False	-0.0329559	0.0	0.0329559	marine slow direction negative	Mitochondrial / redox / intermediary metabolism	Metabolism / redox / lipid handling	carbonyl/xylulose reductase carbohydrate metabolism	high	True	True	False	False	carbonyl/xylulose reductase carbohydrate metabolism. Dehydrogenase/reductase in carbohydrate metabolism.	UniProt; NCBI Gene; GO	Dehydrogenase/reductase in carbohydrate metabolism.		Main Figure4C display candidate under compressed-module policy.
IDUA	marine_specific	True	False	-0.0503353	0.0	0.0503353	marine slow direction negative	Mitochondrial / redox / intermediary metabolism	Metabolism / redox / lipid handling	lysosomal glycosaminoglycan catabolism	high	True	True	False	False	lysosomal glycosaminoglycan catabolism. Lysosomal enzyme in carbohydrate/glycosaminoglycan metabolism.	UniProt; NCBI Gene; GO; OMIM	Lysosomal enzyme in carbohydrate/glycosaminoglycan metabolism.		Main Figure4C display candidate under compressed-module policy.
FN3K	shared	True	True	-0.21786	-0.244837	0.244837	marine slow direction negative; aquatic slow direction negative	Mitochondrial / redox / intermediary metabolism	Metabolism / redox / lipid handling	fructosamine deglycation kinase	high	True	True	False	False	fructosamine deglycation kinase. Metabolic repair enzyme for glycated proteins.	UniProt; NCBI Gene; GO	Metabolic repair enzyme for glycated proteins.		Main Figure4C display candidate under compressed-module policy.
NUBP2	shared	True	True	-0.0844817	-0.239999	0.239999	marine slow direction negative; aquatic slow direction negative	Mitochondrial / redox / intermediary metabolism	Metabolism / redox / lipid handling	iron-sulfur cluster assembly / nucleotide-binding protein	medium	True	True	False	False	iron-sulfur cluster assembly / nucleotide-binding protein. Nucleotide-binding protein linked to iron-sulfur cluster assembly; metabolic/redox placement.	UniProt; NCBI Gene; GO	Nucleotide-binding protein linked to iron-sulfur cluster assembly; metabolic/redox placement.		Main Figure4C display candidate under compressed-module policy.
PNPLA7	shared	True	True	0.106736	0.137886	0.137886	marine fast direction positive; aquatic fast direction positive	Fatty-acid / lipid / peroxisomal metabolism	Metabolism / redox / lipid handling	patatin-like phospholipase/lipid metabolism	high	True	True	False	False	patatin-like phospholipase/lipid metabolism. Patatin-like phospholipase family gene; strong lipid metabolism rescue.	UniProt; NCBI Gene; GO	Patatin-like phospholipase family gene; strong lipid metabolism rescue.		Main Figure4C display candidate under compressed-module policy.
PUSL1	shared	True	True	-0.270478	-0.314221	0.314221	marine slow direction negative; aquatic slow direction negative	Mitochondrial / redox / intermediary metabolism	Metabolism / redox / lipid handling	pseudouridine synthase-like mitochondrial/RNA modification factor	medium	True	True	False	False	pseudouridine synthase-like mitochondrial/RNA modification factor. Pseudouridine synthase-like protein; grouped with mitochondrial/intermediary metabolism based on previous panel logic.	UniProt; NCBI Gene; GO	Pseudouridine synthase-like protein; grouped with mitochondrial/intermediary metabolism based on previous panel logic.	Manual review: could alternatively be RNA processing.	Main Figure4C display candidate under compressed-module policy.
CCDC174	aquatic_specific	False	True	0.0	-0.016218	0.016218	aquatic slow direction negative	RNA processing / translation / protein homeostasis	RNA processing / translation / protein homeostasis	RNA-associated coiled-coil protein / translation-related literature	low	False	False	True	False	RNA-associated coiled-coil protein / translation-related literature. Weakly characterized; kept with RNA/protein-homeostasis supplementary module only.	NCBI Gene; HGNC; GO	Weakly characterized; kept with RNA/protein-homeostasis supplementary module only.	Manual review: low evidence; do not show in main figure.	Table S5-only module under final display policy.
RARS1	marine_specific	True	False	-0.115427	0.0	0.115427	marine slow direction negative	RNA processing / translation / protein homeostasis	RNA processing / translation / protein homeostasis	arginyl-tRNA synthetase / translation	high	False	False	True	False	arginyl-tRNA synthetase / translation. Aminoacyl-tRNA synthetase; clear translation function but too small a module for main Fig. 4C.	UniProt; NCBI Gene; GO; OMIM	Aminoacyl-tRNA synthetase; clear translation function but too small a module for main Fig. 4C.		Explicit final decision: retain annotation in Table S5 only; do not display in main Figure4C.
SF3B3	marine_specific	True	False	-0.0727219	0.0	0.0727219	marine slow direction negative	RNA processing / translation / protein homeostasis	RNA processing / translation / protein homeostasis	spliceosome SF3B complex component	high	False	False	True	False	spliceosome SF3B complex component. Spliceosome component; Table S5-only RNA-processing module.	UniProt; NCBI Gene; GO; Reactome	Spliceosome component; Table S5-only RNA-processing module.		Table S5-only module under final display policy.
CNGA4	aquatic_specific	False	True	0.0	0.0586555	0.0586555	aquatic fast direction positive	Sensory systems	Sensory systems	cyclic-nucleotide-gated olfactory/visual channel subunit	high	True	True	False	False	cyclic-nucleotide-gated olfactory/visual channel subunit. CNG channel subunit with sensory transduction role.	UniProt; NCBI Gene; GO	CNG channel subunit with sensory transduction role.		Main Figure4C display candidate under compressed-module policy.
PDE6C	aquatic_specific	False	True	0.0	0.0369092	0.0369092	aquatic fast direction positive	Sensory systems	Sensory systems	cone photoreceptor phosphodiesterase	high	True	True	False	False	cone photoreceptor phosphodiesterase. Cone phototransduction enzyme; visual system assignment.	UniProt; NCBI Gene; GO; OMIM	Cone phototransduction enzyme; visual system assignment.		Main Figure4C display candidate under compressed-module policy.
OR10G3	marine_specific	True	False	0.0313625	0.0	0.0313625	marine fast direction positive	Sensory systems	Sensory systems	olfactory receptor	high	True	True	False	False	olfactory receptor. Olfactory receptor gene; direct sensory assignment.	UniProt; NCBI Gene; GO	Olfactory receptor gene; direct sensory assignment.		Main Figure4C display candidate under compressed-module policy.
RDH12	marine_specific	True	False	-0.0319401	0.0	0.0319401	marine slow direction negative	Sensory systems	Sensory systems	retinoid metabolism in photoreceptors	high	True	True	False	False	retinoid metabolism in photoreceptors. Retinal dehydrogenase with inherited retinal disease links.	UniProt; NCBI Gene; GO; OMIM	Retinal dehydrogenase with inherited retinal disease links.		Main Figure4C display candidate under compressed-module policy.
STMN4	marine_specific	True	False	-0.00252384	0.0	0.00252384	marine slow direction negative	Sensory systems	Sensory systems	neuronal microtubule regulator	medium	True	True	False	False	neuronal microtubule regulator. Neuronal stathmin-family gene; included as sensory/neural remodeling with medium confidence.	UniProt; NCBI Gene; GO	Neuronal stathmin-family gene; included as sensory/neural remodeling with medium confidence.	Manual review: could alternatively fit cytoskeletal module.	Main Figure4C display candidate under compressed-module policy.
OMP	shared	True	True	0.345616	0.231145	0.345616	marine fast direction positive; aquatic fast direction positive	Sensory systems	Sensory systems	olfactory marker protein	high	True	True	False	False	olfactory marker protein. Canonical olfactory neuron marker.	UniProt; NCBI Gene; GO	Canonical olfactory neuron marker.		Main Figure4C display candidate under compressed-module policy.
OR52W1	shared	True	True	0.282799	0.190685	0.282799	marine fast direction positive; aquatic fast direction positive	Sensory systems	Sensory systems	olfactory receptor	high	True	True	False	False	olfactory receptor. Olfactory receptor gene; direct sensory assignment.	UniProt; NCBI Gene; GO	Olfactory receptor gene; direct sensory assignment.		Main Figure4C display candidate under compressed-module policy.
OR6B1	shared	True	True	0.111781	0.121133	0.121133	marine fast direction positive; aquatic fast direction positive	Sensory systems	Sensory systems	olfactory receptor	high	True	True	False	False	olfactory receptor. Olfactory receptor gene; direct sensory assignment.	UniProt; NCBI Gene; GO	Olfactory receptor gene; direct sensory assignment.		Main Figure4C display candidate under compressed-module policy.
LRP2	aquatic_specific	False	True	0.0	0.471379	0.471379	aquatic fast direction positive	Transport / endocytic / epithelial solute handling	Transport / endocytic / epithelial solute handling	megalin multiligand receptor / epithelial endocytosis	high	True	True	False	False	megalin multiligand receptor / epithelial endocytosis. Canonical epithelial multiligand endocytic receptor; priority rescue.	UniProt; NCBI Gene; GO; OMIM	Canonical epithelial multiligand endocytic receptor; priority rescue.		Main Figure4C display candidate under compressed-module policy.
RHCG	aquatic_specific	False	True	0.0	-0.0101118	0.0101118	aquatic slow direction negative	Transport / endocytic / epithelial solute handling	Transport / endocytic / epithelial solute handling	ammonium transporter / acid-base handling	high	True	False	True	False	ammonium transporter / acid-base handling. Rhesus-family ammonia transporter; epithelial solute/acid-base handling.	UniProt; NCBI Gene; GO	Rhesus-family ammonia transporter; epithelial solute/acid-base handling.		Explicit final decision: retain annotation in Table S5 only; do not display in main Figure4C.
SLC5A5	aquatic_specific	False	True	0.0	-0.231106	0.231106	aquatic slow direction negative	Transport / endocytic / epithelial solute handling	Transport / endocytic / epithelial solute handling	sodium/iodide symporter	high	True	True	False	False	sodium/iodide symporter. Iodide transporter; placed in transport rather than endocrine to keep solute handling coherent.	UniProt; NCBI Gene; GO; OMIM	Iodide transporter; placed in transport rather than endocrine to keep solute handling coherent.		Main Figure4C display candidate under compressed-module policy.
SLC6A15	aquatic_specific	False	True	0.0	-0.232894	0.232894	aquatic slow direction negative	Transport / endocytic / epithelial solute handling	Transport / endocytic / epithelial solute handling	neutral amino-acid transporter	high	True	True	False	False	neutral amino-acid transporter. Solute carrier amino-acid transporter; priority rescue.	UniProt; NCBI Gene; GO	Solute carrier amino-acid transporter; priority rescue.		Main Figure4C display candidate under compressed-module policy.
SLC6A6	aquatic_specific	False	True	0.0	-0.121595	0.121595	aquatic slow direction negative	Transport / endocytic / epithelial solute handling	Transport / endocytic / epithelial solute handling	taurine transporter	high	True	True	False	False	taurine transporter. Taurine transporter; strong solute-handling rescue.	UniProt; NCBI Gene; GO; OMIM	Taurine transporter; strong solute-handling rescue.		Explicit final decision: retain as a main Figure4C representative gene.
SLC28A1	marine_specific	True	False	0.128657	0.0	0.128657	marine fast direction positive	Transport / endocytic / epithelial solute handling	Transport / endocytic / epithelial solute handling	concentrative nucleoside transporter	high	True	True	False	False	concentrative nucleoside transporter. Concentrative nucleoside transporter; priority rescue.	UniProt; NCBI Gene; GO	Concentrative nucleoside transporter; priority rescue.		Main Figure4C display candidate under compressed-module policy.
SLC2A7	marine_specific	True	False	0.0382557	0.0	0.0382557	marine fast direction positive	Transport / endocytic / epithelial solute handling	Transport / endocytic / epithelial solute handling	hexose transporter family member	medium	True	True	False	False	hexose transporter family member. Solute carrier/glucose transporter family member; medium confidence because function is less characterized than GLUT1/2.	UniProt; NCBI Gene; GO	Solute carrier/glucose transporter family member; medium confidence because function is less characterized than GLUT1/2.		Main Figure4C display candidate under compressed-module policy.
AC092835	aquatic_specific	False	True	0.0	-0.0481295	0.0481295	aquatic slow direction negative	Unassigned / low-confidence	Unassigned / low-confidence	insufficient specific functional evidence for compact Figure 4C module	unassigned	False	False	True	True	insufficient specific functional evidence for compact Figure 4C module. Function is too poorly characterized or module assignment too weak for defensible manual module call.	NCBI Gene; HGNC	Function is too poorly characterized or module assignment too weak for defensible manual module call.	Keep unassigned; report in Table S5/QC rather than main Figure 4C.	Unassigned or low-confidence; retained in Table S5 only.
C16orf91	aquatic_specific	False	True	0.0	-0.262196	0.262196	aquatic slow direction negative	Unassigned / low-confidence	Unassigned / low-confidence	insufficient specific functional evidence for compact Figure 4C module	unassigned	False	False	True	True	insufficient specific functional evidence for compact Figure 4C module. Function is too poorly characterized or module assignment too weak for defensible manual module call.	NCBI Gene; HGNC	Function is too poorly characterized or module assignment too weak for defensible manual module call.	Keep unassigned; report in Table S5/QC rather than main Figure 4C.	Unassigned or low-confidence; retained in Table S5 only.
FP565260	aquatic_specific	False	True	0.0	1.70815e-05	1.70815e-05	aquatic fast direction positive	Unassigned / low-confidence	Unassigned / low-confidence	insufficient specific functional evidence for compact Figure 4C module	unassigned	False	False	True	True	insufficient specific functional evidence for compact Figure 4C module. Function is too poorly characterized or module assignment too weak for defensible manual module call.	NCBI Gene; HGNC	Function is too poorly characterized or module assignment too weak for defensible manual module call.	Keep unassigned; report in Table S5/QC rather than main Figure 4C.	Unassigned or low-confidence; retained in Table S5 only.
PROB1	aquatic_specific	False	True	0.0	-0.0313688	0.0313688	aquatic slow direction negative	Unassigned / low-confidence	Unassigned / low-confidence	insufficient specific functional evidence for compact Figure 4C module	unassigned	False	False	True	True	insufficient specific functional evidence for compact Figure 4C module. Function is too poorly characterized or module assignment too weak for defensible manual module call.	NCBI Gene; HGNC	Function is too poorly characterized or module assignment too weak for defensible manual module call.	Keep unassigned; report in Table S5/QC rather than main Figure 4C.	Unassigned or low-confidence; retained in Table S5 only.
SMCO3	aquatic_specific	False	True	0.0	-0.307082	0.307082	aquatic slow direction negative	Unassigned / low-confidence	Unassigned / low-confidence	insufficient specific functional evidence for compact Figure 4C module	unassigned	False	False	True	True	insufficient specific functional evidence for compact Figure 4C module. Function is too poorly characterized or module assignment too weak for defensible manual module call.	NCBI Gene; HGNC	Function is too poorly characterized or module assignment too weak for defensible manual module call.	Keep unassigned; report in Table S5/QC rather than main Figure 4C.	Unassigned or low-confidence; retained in Table S5 only.
CAPN13	marine_specific	True	False	0.072883	0.0	0.072883	marine fast direction positive	Unassigned / low-confidence	Unassigned / low-confidence	insufficient specific functional evidence for compact Figure 4C module	unassigned	False	False	True	True	insufficient specific functional evidence for compact Figure 4C module. Function is too poorly characterized or module assignment too weak for defensible manual module call.	NCBI Gene; HGNC	Function is too poorly characterized or module assignment too weak for defensible manual module call.	Keep unassigned; report in Table S5/QC rather than main Figure 4C.	Unassigned or low-confidence; retained in Table S5 only.
CTD_3088G3	marine_specific	True	False	-0.0645538	0.0	0.0645538	marine slow direction negative	Unassigned / low-confidence	Unassigned / low-confidence	insufficient specific functional evidence for compact Figure 4C module	unassigned	False	False	True	True	insufficient specific functional evidence for compact Figure 4C module. Function is too poorly characterized or module assignment too weak for defensible manual module call.	NCBI Gene; HGNC	Function is too poorly characterized or module assignment too weak for defensible manual module call.	Keep unassigned; report in Table S5/QC rather than main Figure 4C.	Unassigned or low-confidence; retained in Table S5 only.
FAM234A	marine_specific	True	False	-0.108557	0.0	0.108557	marine slow direction negative	Unassigned / low-confidence	Unassigned / low-confidence	insufficient specific functional evidence for compact Figure 4C module	unassigned	False	False	True	True	insufficient specific functional evidence for compact Figure 4C module. Function is too poorly characterized or module assignment too weak for defensible manual module call.	NCBI Gene; HGNC	Function is too poorly characterized or module assignment too weak for defensible manual module call.	Keep unassigned; report in Table S5/QC rather than main Figure 4C.	Unassigned or low-confidence; retained in Table S5 only.
NKPD1	marine_specific	True	False	0.230942	0.0	0.230942	marine fast direction positive	Unassigned / low-confidence	Unassigned / low-confidence	insufficient specific functional evidence for compact Figure 4C module	unassigned	False	False	True	True	insufficient specific functional evidence for compact Figure 4C module. Function is too poorly characterized or module assignment too weak for defensible manual module call.	NCBI Gene; HGNC	Function is too poorly characterized or module assignment too weak for defensible manual module call.	Keep unassigned; report in Table S5/QC rather than main Figure 4C.	Unassigned or low-confidence; retained in Table S5 only.
RTL4	marine_specific	True	False	-0.0665427	0.0	0.0665427	marine slow direction negative	Unassigned / low-confidence	Unassigned / low-confidence	insufficient specific functional evidence for compact Figure 4C module	unassigned	False	False	True	True	insufficient specific functional evidence for compact Figure 4C module. Function is too poorly characterized or module assignment too weak for defensible manual module call.	NCBI Gene; HGNC	Function is too poorly characterized or module assignment too weak for defensible manual module call.	Keep unassigned; report in Table S5/QC rather than main Figure 4C.	Unassigned or low-confidence; retained in Table S5 only.
ITGA2B	aquatic_specific	False	True	0.0	-0.00129205	0.00129205	aquatic slow direction negative	Vascular / hematologic regulation	Vascular / hematologic regulation	platelet integrin alpha-IIb	high	True	True	False	False	platelet integrin alpha-IIb. Platelet integrin central to thrombosis/hemostasis.	UniProt; NCBI Gene; GO; OMIM	Platelet integrin central to thrombosis/hemostasis.		Main Figure4C display candidate under compressed-module policy.
PDGFB	aquatic_specific	False	True	0.0	-0.348561	0.348561	aquatic slow direction negative	Vascular / hematologic regulation	Vascular / hematologic regulation	platelet-derived growth factor / vascular remodeling	high	True	True	False	False	platelet-derived growth factor / vascular remodeling. Growth factor with vascular/pericyte and platelet-associated biology.	UniProt; NCBI Gene; GO; Reactome	Growth factor with vascular/pericyte and platelet-associated biology.		Main Figure4C display candidate under compressed-module policy.
F11	marine_specific	True	False	-0.254306	0.0	0.254306	marine slow direction negative	Vascular / hematologic regulation	Vascular / hematologic regulation	coagulation factor XI	high	True	True	False	False	coagulation factor XI. Canonical coagulation factor; strong vascular/hematologic assignment.	UniProt; NCBI Gene; GO; OMIM	Canonical coagulation factor; strong vascular/hematologic assignment.		Main Figure4C display candidate under compressed-module policy.
HIGD1B	marine_specific	True	False	0.32838	0.0	0.32838	marine fast direction positive	Vascular / hematologic regulation	Vascular / hematologic regulation	hypoxia-associated vascular smooth-muscle factor	medium	True	True	False	False	hypoxia-associated vascular smooth-muscle factor. HIG domain gene associated with hypoxia/vascular smooth-muscle biology; medium-confidence circulatory placement.	UniProt; NCBI Gene; PubMed	HIG domain gene associated with hypoxia/vascular smooth-muscle biology; medium-confidence circulatory placement.		Main Figure4C display candidate under compressed-module policy.
KEL	marine_specific	True	False	-0.0377052	0.0	0.0377052	marine slow direction negative	Vascular / hematologic regulation	Vascular / hematologic regulation	Kell blood-group glycoprotein / erythrocyte membrane	high	True	True	False	False	Kell blood-group glycoprotein / erythrocyte membrane. Canonical erythrocyte blood-group antigen; belongs in hematologic/circulatory module.	UniProt; NCBI Gene; GO; OMIM	Canonical erythrocyte blood-group antigen; belongs in hematologic/circulatory module.		Main Figure4C display candidate under compressed-module policy.
PECAM1	marine_specific	True	False	-0.00822384	0.0	0.00822384	marine slow direction negative	Vascular / hematologic regulation	Vascular / hematologic regulation	endothelial/platelet adhesion molecule	high	True	True	False	False	endothelial/platelet adhesion molecule. Canonical endothelial and platelet adhesion molecule.	UniProt; NCBI Gene; GO	Canonical endothelial and platelet adhesion molecule.		Main Figure4C display candidate under compressed-module policy.
CD34	shared	True	True	-0.231912	-0.0959045	0.231912	marine slow direction negative; aquatic slow direction negative	Vascular / hematologic regulation	Vascular / hematologic regulation	hematopoietic/endothelial progenitor marker	high	True	True	False	False	hematopoietic/endothelial progenitor marker. Classic hematopoietic/endothelial cell-surface marker.	UniProt; NCBI Gene; GO	Classic hematopoietic/endothelial cell-surface marker.		Main Figure4C display candidate under compressed-module policy.
EPOR	shared	True	True	-0.562387	-0.0639836	0.562387	marine slow direction negative; aquatic slow direction negative	Vascular / hematologic regulation	Vascular / hematologic regulation	erythropoietin receptor and erythroid regulation	high	True	True	False	False	erythropoietin receptor and erythroid regulation. Core receptor for erythropoiesis and blood oxygen-carrying physiology.	UniProt; NCBI Gene; GO; OMIM	Core receptor for erythropoiesis and blood oxygen-carrying physiology.		Main Figure4C display candidate under compressed-module policy.
HGFAC	shared	True	True	-0.314673	-0.25189	0.314673	marine slow direction negative; aquatic slow direction negative	Vascular / hematologic regulation	Vascular / hematologic regulation	plasma serine protease / hepatocyte-growth-factor activation	medium	True	True	False	False	plasma serine protease / hepatocyte-growth-factor activation. Circulating serine protease involved in plasma proteolytic activation; grouped with hematologic/plasma regulation.	UniProt; NCBI Gene; GO	Circulating serine protease involved in plasma proteolytic activation; grouped with hematologic/plasma regulation.		Main Figure4C display candidate under compressed-module policy.
