original_path	new_path	reason	portable_status
code/05_GBI_construction/qc_endpointfix_gbi.py	provenance_scripts/not_portable/code/05_GBI_construction/qc_endpointfix_gbi.py	contains local absolute paths or controlled legacy/QC terms	not_portable_provenance_only
code/05_GBI_construction/qc_endpointfix_no_fuse_gbi.py	provenance_scripts/not_portable/code/05_GBI_construction/qc_endpointfix_no_fuse_gbi.py	contains local absolute paths or controlled legacy/QC terms	not_portable_provenance_only
code/07_nested_ttest_baseline_gLOOCV/render_phase12B_figures.R	provenance_scripts/not_portable/code/07_nested_ttest_baseline_gLOOCV/render_phase12B_figures.R	contains local absolute paths or controlled legacy/QC terms	not_portable_provenance_only
code/07_nested_ttest_baseline_gLOOCV/run_phase12B_nested_ttest_baseline.R	provenance_scripts/not_portable/code/07_nested_ttest_baseline_gLOOCV/run_phase12B_nested_ttest_baseline.R	contains local absolute paths or controlled legacy/QC terms	not_portable_provenance_only
code/08_Figure4_Figure5_alignment/apply_opus47_phase13_patch.R	provenance_scripts/not_portable/code/08_Figure4_Figure5_alignment/apply_opus47_phase13_patch.R	contains local absolute paths or controlled legacy/QC terms	not_portable_provenance_only
code/08_Figure4_Figure5_alignment/fix_figure4_combined_artifact.R	provenance_scripts/not_portable/code/08_Figure4_Figure5_alignment/fix_figure4_combined_artifact.R	contains local absolute paths or controlled legacy/QC terms	not_portable_provenance_only
code/08_Figure4_Figure5_alignment/render_phase13_svg_outputs.R	provenance_scripts/not_portable/code/08_Figure4_Figure5_alignment/render_phase13_svg_outputs.R	contains local absolute paths or controlled legacy/QC terms	not_portable_provenance_only
code/08_Figure4_Figure5_alignment/run_phase13_figure4_5_alignment.R	provenance_scripts/not_portable/code/08_Figure4_Figure5_alignment/run_phase13_figure4_5_alignment.R	contains local absolute paths or controlled legacy/QC terms	not_portable_provenance_only
code/09_corrected_full_data_LASSO_architecture/run_phase12A_corrected_lasso_sensitivity.R	provenance_scripts/not_portable/code/09_corrected_full_data_LASSO_architecture/run_phase12A_corrected_lasso_sensitivity.R	contains local absolute paths or controlled legacy/QC terms	not_portable_provenance_only
code/10_foldwise_ASR_sensitivity/run_foldwise_ASR_sensitivity.R	provenance_scripts/not_portable/code/10_foldwise_ASR_sensitivity/run_foldwise_ASR_sensitivity.R	contains local absolute paths or controlled legacy/QC terms	not_portable_provenance_only
code/11_figure_generation/Figure1/Figure1C.R	provenance_scripts/not_portable/code/11_figure_generation/Figure1/Figure1C.R	contains local absolute paths or controlled legacy/QC terms	not_portable_provenance_only
code/11_figure_generation/Figure1/Figure1C_JQ.R	provenance_scripts/not_portable/code/11_figure_generation/Figure1/Figure1C_JQ.R	contains local absolute paths or controlled legacy/QC terms	not_portable_provenance_only
code/11_figure_generation/Figure1/Figure1C_marine_3_clade.R	provenance_scripts/not_portable/code/11_figure_generation/Figure1/Figure1C_marine_3_clade.R	contains local absolute paths or controlled legacy/QC terms	not_portable_provenance_only
code/11_figure_generation/Figure2/plot_Figure2C_endpointfix_OOF_main_vFinal.py	provenance_scripts/not_portable/code/11_figure_generation/Figure2/plot_Figure2C_endpointfix_OOF_main_vFinal.py	contains local absolute paths or controlled legacy/QC terms	not_portable_provenance_only
code/11_figure_generation/Figure2/plot_Figure2_endpointfix.py	provenance_scripts/not_portable/code/11_figure_generation/Figure2/plot_Figure2_endpointfix.py	contains local absolute paths or controlled legacy/QC terms	not_portable_provenance_only
code/11_figure_generation/Figure2/plot_Figure2_endpointfix.template_from_old_figure.R	provenance_scripts/not_portable/code/11_figure_generation/Figure2/plot_Figure2_endpointfix.template_from_old_figure.R	contains local absolute paths or controlled legacy/QC terms	not_portable_provenance_only
code/11_figure_generation/Figure4/prepare_inputs_and_make_Figure4A_corrected.R	provenance_scripts/not_portable/code/11_figure_generation/Figure4/prepare_inputs_and_make_Figure4A_corrected.R	contains local absolute paths or controlled legacy/QC terms	not_portable_provenance_only
code/11_figure_generation/Figure5/make_Figure5_final_artwork_draft.py	provenance_scripts/not_portable/code/11_figure_generation/Figure5/make_Figure5_final_artwork_draft.py	contains local absolute paths or controlled legacy/QC terms	not_portable_provenance_only
code/99_release_package_build/build_nature_submission_reproducibility_package.py	provenance_scripts/not_portable/code/99_release_package_build/build_nature_submission_reproducibility_package.py	contains local absolute paths or controlled legacy/QC terms	not_portable_provenance_only
metadata/branch_label_mapping/scripts_build_branch_label_crosswalk.py	provenance_scripts/not_portable/metadata/branch_label_mapping/scripts_build_branch_label_crosswalk.py	contains local absolute paths or controlled legacy/QC terms	not_portable_provenance_only
