species	marine_binary	aquaticity_score_sum_0_18	aquatic_v1_status	aquatic_v2_status	aquatic_v3_status	legacy_marine2	legacy_aquatic2	aquatic_trait_source	aquatic_scoring_scheme	aquatic_score_range
Acinonyx_jubatus	0	0	0	0	0	0	0	TY_NK_final_18pt	3+3+3+5+4	0-18
Acomys_russatus	0	0	0	0	0	0	0	TY_NK_final_18pt	3+3+3+5+4	0-18
Aeorestes_cinereus	0	0	0	0	0	0	0	TY_NK_final_18pt	3+3+3+5+4	0-18
Ailuropoda_melanoleuca	0	0	0	0	0	0	0	TY_NK_final_18pt	3+3+3+5+4	0-18
Ailurus_fulgens	0	0	0	0	0	0	0	TY_NK_final_18pt	3+3+3+5+4	0-18
Alces_alces	0	4	1	0.5	0	0	0	TY_NK_final_18pt	3+3+3+5+4	0-18
Allactaga_bullata	0	0	0	0	0	0	0	TY_NK_final_18pt	3+3+3+5+4	0-18
Allenopithecus_nigroviridis	0	0	0	0	0	0	0	TY_NK_final_18pt	3+3+3+5+4	0-18
Alouatta_palliata	0	0	0	0	0	0	0	TY_NK_final_18pt	3+3+3+5+4	0-18
Ammotragus_lervia	0	0	0	0	0	0	0	TY_NK_final_18pt	3+3+3+5+4	0-18
Anoura_caudifer	0	0	0	0	0	0	0	TY_NK_final_18pt	3+3+3+5+4	0-18
Antidorcas_marsupialis	0	0	0	0	0	0	0	TY_NK_final_18pt	3+3+3+5+4	0-18
Antilocapra_americana	0	0	0	0	0	0	0	TY_NK_final_18pt	3+3+3+5+4	0-18
Aonyx_cinereus	0	10	1	1	1	0	1	TY_NK_final_18pt	3+3+3+5+4	0-18
Aotus_nancymaae	0	0	0	0	0	0	0	TY_NK_final_18pt	3+3+3+5+4	0-18
Aplodontia_rufa	0	0	0	0	0	0	0	TY_NK_final_18pt	3+3+3+5+4	0-18
Artibeus_jamaicensis	0	0	0	0	0	0	0	TY_NK_final_18pt	3+3+3+5+4	0-18
Arvicanthis_niloticus	0	0	0	0	0	0	0	TY_NK_final_18pt	3+3+3+5+4	0-18
Arvicola_amphibius	0	7	1	1	1	0	0	TY_NK_final_18pt	3+3+3+5+4	0-18
Ateles_geoffroyi	0	0	0	0	0	0	0	TY_NK_final_18pt	3+3+3+5+4	0-18
Axis_porcinus	0	0	0	0	0	0	0	TY_NK_final_18pt	3+3+3+5+4	0-18
Babyrousa_celebensis	0	2	1	0.5	0	0	0	TY_NK_final_18pt	3+3+3+5+4	0-18
Balaena_mysticetus	1	18	1	1	1	1	1	TY_NK_final_18pt	3+3+3+5+4	0-18
Balaenoptera_acutorostrata_scammoni	1	18	1	1	1	1	1	TY_NK_final_18pt	3+3+3+5+4	0-18
Balaenoptera_bonaerensis	1	18	1	1	1	1	1	TY_NK_final_18pt	3+3+3+5+4	0-18
Balaenoptera_edeni	1	18	1	1	1	1	1	TY_NK_final_18pt	3+3+3+5+4	0-18
Balaenoptera_musculus	1	18	1	1	1	1	1	TY_NK_final_18pt	3+3+3+5+4	0-18
Bassariscus_astutus	0	0	0	0	0	0	0	TY_NK_final_18pt	3+3+3+5+4	0-18
Bassariscus_sumichrasti	0	0	0	0	0	0	0	TY_NK_final_18pt	3+3+3+5+4	0-18
Beatragus_hunteri	0	0	0	0	0	0	0	TY_NK_final_18pt	3+3+3+5+4	0-18
Bos_frontalis	0	0	0	0	0	0	0	TY_NK_final_18pt	3+3+3+5+4	0-18
Bos_mutus	0	0	0	0	0	0	0	TY_NK_final_18pt	3+3+3+5+4	0-18
Bubalus_bubalis	0	2	1	0.5	0	0	1	TY_NK_final_18pt	3+3+3+5+4	0-18
Callithrix_jacchus	0	0	0	0	0	0	0	TY_NK_final_18pt	3+3+3+5+4	0-18
Callorhinus_ursinus	1	14	1	1	1	1	1	TY_NK_final_18pt	3+3+3+5+4	0-18
Camelus_ferus	0	0	0	0	0	0	0	TY_NK_final_18pt	3+3+3+5+4	0-18
Capra_aegagrus	0	0	0	0	0	0	0	TY_NK_final_18pt	3+3+3+5+4	0-18
Capra_sibirica	0	0	0	0	0	0	0	TY_NK_final_18pt	3+3+3+5+4	0-18
Capreolus_pygargus	0	0	0	0	0	0	0	TY_NK_final_18pt	3+3+3+5+4	0-18
Carlito_syrichta	0	0	0	0	0	0	0	TY_NK_final_18pt	3+3+3+5+4	0-18
Castor_canadensis	0	14	1	1	1	0	1	TY_NK_final_18pt	3+3+3+5+4	0-18
Catagonus_wagneri	0	0	0	0	0	0	0	TY_NK_final_18pt	3+3+3+5+4	0-18
Cavia_tschudii	0	0	0	0	0	0	0	TY_NK_final_18pt	3+3+3+5+4	0-18
Cebus_capucinus_imitator	0	0	0	0	0	0	0	TY_NK_final_18pt	3+3+3+5+4	0-18
Cephalophus_harveyi	0	0	0	0	0	0	0	TY_NK_final_18pt	3+3+3+5+4	0-18
Cephalorhynchus_commersonii	1	18	1	1	1	1	1	TY_NK_final_18pt	3+3+3+5+4	0-18
Ceratotherium_simum_simum	0	0	0	0	0	0	0	TY_NK_final_18pt	3+3+3+5+4	0-18
Cercocebus_atys	0	0	0	0	0	0	0	TY_NK_final_18pt	3+3+3+5+4	0-18
Cercopithecus_mona	0	0	0	0	0	0	0	TY_NK_final_18pt	3+3+3+5+4	0-18
Cervus_hanglu_yarkandensis	0	0	0	0	0	0	0	TY_NK_final_18pt	3+3+3+5+4	0-18
Chinchilla_lanigera	0	0	0	0	0	0	0	TY_NK_final_18pt	3+3+3+5+4	0-18
Chlorocebus_sabaeus	0	0	0	0	0	0	0	TY_NK_final_18pt	3+3+3+5+4	0-18
Choloepus_didactylus	0	0	0	0	0	0	0	TY_NK_final_18pt	3+3+3+5+4	0-18
Choloepus_hoffmanni	0	0	0	0	0	0	0	TY_NK_final_18pt	3+3+3+5+4	0-18
Chrysochloris_asiatica	0	0	0	0	0	0	0	TY_NK_final_18pt	3+3+3+5+4	0-18
Chrysocyon_brachyurus	0	0	0	0	0	0	0	TY_NK_final_18pt	3+3+3+5+4	0-18
Coendou_prehensilis	0	0	0	0	0	0	0	TY_NK_final_18pt	3+3+3+5+4	0-18
Colobus_angolensis_palliatus	0	0	0	0	0	0	0	TY_NK_final_18pt	3+3+3+5+4	0-18
Connochaetes_taurinus	0	0	0	0	0	0	0	TY_NK_final_18pt	3+3+3+5+4	0-18
Craseonycteris_thonglongyai	0	0	0	0	0	0	0	TY_NK_final_18pt	3+3+3+5+4	0-18
Cricetomys_gambianus	0	0	0	0	0	0	0	TY_NK_final_18pt	3+3+3+5+4	0-18
Cricetulus_griseus	0	0	0	0	0	0	0	TY_NK_final_18pt	3+3+3+5+4	0-18
Crocuta_crocuta	0	0	0	0	0	0	0	TY_NK_final_18pt	3+3+3+5+4	0-18
Cryptoprocta_ferox	0	0	0	0	0	0	0	TY_NK_final_18pt	3+3+3+5+4	0-18
Ctenodactylus_gundi	0	0	0	0	0	0	0	TY_NK_final_18pt	3+3+3+5+4	0-18
Ctenomys_sociabilis	0	0	0	0	0	0	0	TY_NK_final_18pt	3+3+3+5+4	0-18
Cynomys_gunnisoni	0	0	0	0	0	0	0	TY_NK_final_18pt	3+3+3+5+4	0-18
Damaliscus_lunatus	0	0	0	0	0	0	0	TY_NK_final_18pt	3+3+3+5+4	0-18
Dasyprocta_punctata	0	0	0	0	0	0	0	TY_NK_final_18pt	3+3+3+5+4	0-18
Dasypus_novemcinctus	0	0	0	0	0	0	0	TY_NK_final_18pt	3+3+3+5+4	0-18
Daubentonia_madagascariensis	0	0	0	0	0	0	0	TY_NK_final_18pt	3+3+3+5+4	0-18
Delphinapterus_leucas	1	18	1	1	1	1	1	TY_NK_final_18pt	3+3+3+5+4	0-18
Dicerorhinus_sumatrensis_sumatrensis	0	3	1	0.5	0	0	0	TY_NK_final_18pt	3+3+3+5+4	0-18
Diceros_bicornis	0	0	0	0	0	0	0	TY_NK_final_18pt	3+3+3+5+4	0-18
Dinomys_branickii	0	0	0	0	0	0	0	TY_NK_final_18pt	3+3+3+5+4	0-18
Dipodomys_ordii	0	0	0	0	0	0	0	TY_NK_final_18pt	3+3+3+5+4	0-18
Dolichotis_patagonum	0	0	0	0	0	0	0	TY_NK_final_18pt	3+3+3+5+4	0-18
Dugong_dugon	1	18	1	1	1	1	1	TY_NK_final_18pt	3+3+3+5+4	0-18
Echinops_telfairi	0	0	0	0	0	0	0	TY_NK_final_18pt	3+3+3+5+4	0-18
Eidolon_dupreanum	0	0	0	0	0	0	0	TY_NK_final_18pt	3+3+3+5+4	0-18
Elaphurus_davidianus	0	4	1	0.5	0	0	0	TY_NK_final_18pt	3+3+3+5+4	0-18
Elephantulus_edwardii	0	0	0	0	0	0	0	TY_NK_final_18pt	3+3+3+5+4	0-18
Elephas_maximus	0	2	1	0.5	0	0	0	TY_NK_final_18pt	3+3+3+5+4	0-18
Enhydra_lutris_kenyoni	1	13	1	1	1	1	1	TY_NK_final_18pt	3+3+3+5+4	0-18
Eptesicus_fuscus	0	0	0	0	0	0	0	TY_NK_final_18pt	3+3+3+5+4	0-18
Equus_burchellii_boehmi	0	0	0	0	0	0	0	TY_NK_final_18pt	3+3+3+5+4	0-18
Equus_zebra	0	0	0	0	0	0	0	TY_NK_final_18pt	3+3+3+5+4	0-18
Erethizon_dorsatum	0	0	0	0	0	0	0	TY_NK_final_18pt	3+3+3+5+4	0-18
Erignathus_barbatus	1	15	1	1	1	1	1	TY_NK_final_18pt	3+3+3+5+4	0-18
Erythrocebus_patas	0	0	0	0	0	0	0	TY_NK_final_18pt	3+3+3+5+4	0-18
Eschrichtius_robustus	1	18	1	1	1	1	1	TY_NK_final_18pt	3+3+3+5+4	0-18
Eubalaena_australis	1	18	1	1	1	1	1	TY_NK_final_18pt	3+3+3+5+4	0-18
Eubalaena_glacialis	1	18	1	1	1	1	1	TY_NK_final_18pt	3+3+3+5+4	0-18
Eubalaena_japonica	1	18	1	1	1	1	1	TY_NK_final_18pt	3+3+3+5+4	0-18
Eudorcas_thomsonii	0	0	0	0	0	0	0	TY_NK_final_18pt	3+3+3+5+4	0-18
Eulemur_flavifrons	0	0	0	0	0	0	0	TY_NK_final_18pt	3+3+3+5+4	0-18
Eumetopias_jubatus	1	14	1	1	1	1	1	TY_NK_final_18pt	3+3+3+5+4	0-18
Felis_nigripes	0	0	0	0	0	0	0	TY_NK_final_18pt	3+3+3+5+4	0-18
Galeopterus_variegatus	0	0	0	0	0	0	0	TY_NK_final_18pt	3+3+3+5+4	0-18
Giraffa_camelopardalis	0	0	0	0	0	0	0	TY_NK_final_18pt	3+3+3+5+4	0-18
Giraffa_tippelskirchi	0	0	0	0	0	0	0	TY_NK_final_18pt	3+3+3+5+4	0-18
Glis_glis	0	0	0	0	0	0	0	TY_NK_final_18pt	3+3+3+5+4	0-18
Globicephala_melas	1	18	1	1	1	1	1	TY_NK_final_18pt	3+3+3+5+4	0-18
Gorilla_gorilla_gorilla	0	0	0	0	0	0	0	TY_NK_final_18pt	3+3+3+5+4	0-18
Grammomys_surdaster	0	0	0	0	0	0	0	TY_NK_final_18pt	3+3+3+5+4	0-18
Grampus_griseus	1	18	1	1	1	1	1	TY_NK_final_18pt	3+3+3+5+4	0-18
Halichoerus_grypus	1	15	1	1	1	1	1	TY_NK_final_18pt	3+3+3+5+4	0-18
Homo_sapiens	0	0	0	0	0	0	0	TY_NK_final_18pt	3+3+3+5+4	0-18
Helarctos_malayanus	0	0	0	0	0	0	0	TY_NK_final_18pt	3+3+3+5+4	0-18
Helogale_parvula	0	0	0	0	0	0	0	TY_NK_final_18pt	3+3+3+5+4	0-18
Hemitragus_hylocrius	0	0	0	0	0	0	0	TY_NK_final_18pt	3+3+3+5+4	0-18
Heterocephalus_glaber	0	0	0	0	0	0	0	TY_NK_final_18pt	3+3+3+5+4	0-18
Heterohyrax_brucei	0	0	0	0	0	0	0	TY_NK_final_18pt	3+3+3+5+4	0-18
Hippopotamus_amphibius	0	11	1	1	1	0	1	TY_NK_final_18pt	3+3+3+5+4	0-18
Hipposideros_galeritus	0	0	0	0	0	0	0	TY_NK_final_18pt	3+3+3+5+4	0-18
Hippotragus_equinus	0	0	0	0	0	0	0	TY_NK_final_18pt	3+3+3+5+4	0-18
Hippotragus_niger_niger	0	0	0	0	0	0	0	TY_NK_final_18pt	3+3+3+5+4	0-18
Hyaena_hyaena	0	0	0	0	0	0	0	TY_NK_final_18pt	3+3+3+5+4	0-18
Hydrochoerus_hydrochaeris	0	8	1	1	1	0	1	TY_NK_final_18pt	3+3+3+5+4	0-18
Hydrodamalis_gigas	1	18	1	1	1	1	1	TY_NK_final_18pt	3+3+3+5+4	0-18
Hydropotes_inermis	0	3	1	0.5	0	0	0	TY_NK_final_18pt	3+3+3+5+4	0-18
Hylobates_moloch	0	0	0	0	0	0	0	TY_NK_final_18pt	3+3+3+5+4	0-18
Hystrix_cristata	0	0	0	0	0	0	0	TY_NK_final_18pt	3+3+3+5+4	0-18
Ictidomys_tridecemlineatus	0	0	0	0	0	0	0	TY_NK_final_18pt	3+3+3+5+4	0-18
Indri_indri	0	0	0	0	0	0	0	TY_NK_final_18pt	3+3+3+5+4	0-18
Inia_geoffrensis	1	18	1	1	1	0.5	1	TY_NK_final_18pt	3+3+3+5+4	0-18
Jaculus_jaculus	0	0	0	0	0	0	0	TY_NK_final_18pt	3+3+3+5+4	0-18
Kobus_ellipsiprymnus	0	3	1	0.5	0	0	0	TY_NK_final_18pt	3+3+3+5+4	0-18
Kobus_leche_leche	0	8	1	1	1	0	0	TY_NK_final_18pt	3+3+3+5+4	0-18
Kogia_breviceps	1	18	1	1	1	1	1	TY_NK_final_18pt	3+3+3+5+4	0-18
Lagenorhynchus_obliquidens	1	18	1	1	1	1	1	TY_NK_final_18pt	3+3+3+5+4	0-18
Lama_guanicoe_cacsilensis	0	0	0	0	0	0	0	TY_NK_final_18pt	3+3+3+5+4	0-18
Lemur_catta	0	0	0	0	0	0	0	TY_NK_final_18pt	3+3+3+5+4	0-18
Leptonychotes_weddellii	1	15	1	1	1	1	1	TY_NK_final_18pt	3+3+3+5+4	0-18
Leptonycteris_yerbabuenae	0	0	0	0	0	0	0	TY_NK_final_18pt	3+3+3+5+4	0-18
Lepus_timidus	0	0	0	0	0	0	0	TY_NK_final_18pt	3+3+3+5+4	0-18
Lipotes_vexillifer	1	18	1	1	1	0.5	1	TY_NK_final_18pt	3+3+3+5+4	0-18
Litocranius_walleri	0	0	0	0	0	0	0	TY_NK_final_18pt	3+3+3+5+4	0-18
Lontra_canadensis	0	10	1	1	1	0	1	TY_NK_final_18pt	3+3+3+5+4	0-18
Loxodonta_africana	0	2	1	0.5	0	0	0	TY_NK_final_18pt	3+3+3+5+4	0-18
Lutra_lutra	0	10	1	1	1	0	1	TY_NK_final_18pt	3+3+3+5+4	0-18
Lycaon_pictus	0	0	0	0	0	0	0	TY_NK_final_18pt	3+3+3+5+4	0-18
Lynx_canadensis	0	0	0	0	0	0	0	TY_NK_final_18pt	3+3+3+5+4	0-18
Lynx_pardinus	0	0	0	0	0	0	0	TY_NK_final_18pt	3+3+3+5+4	0-18
Macaca_mulatta	0	0	0	0	0	0	0	TY_NK_final_18pt	3+3+3+5+4	0-18
Macroglossus_sobrinus	0	0	0	0	0	0	0	TY_NK_final_18pt	3+3+3+5+4	0-18
Macrotus_californicus	0	0	0	0	0	0	0	TY_NK_final_18pt	3+3+3+5+4	0-18
Mandrillus_sphinx	0	0	0	0	0	0	0	TY_NK_final_18pt	3+3+3+5+4	0-18
Manis_javanica	0	0	0	0	0	0	0	TY_NK_final_18pt	3+3+3+5+4	0-18
Manis_pentadactyla	0	0	0	0	0	0	0	TY_NK_final_18pt	3+3+3+5+4	0-18
Manis_tricuspis	0	0	0	0	0	0	0	TY_NK_final_18pt	3+3+3+5+4	0-18
Marmota_monax	0	0	0	0	0	0	0	TY_NK_final_18pt	3+3+3+5+4	0-18
Martes_zibellina	0	0	0	0	0	0	0	TY_NK_final_18pt	3+3+3+5+4	0-18
Mastomys_coucha	0	0	0	0	0	0	0	TY_NK_final_18pt	3+3+3+5+4	0-18
Megaderma_lyra	0	0	0	0	0	0	0	TY_NK_final_18pt	3+3+3+5+4	0-18
Megaptera_novaeangliae	1	18	1	1	1	1	1	TY_NK_final_18pt	3+3+3+5+4	0-18
Mellivora_capensis	0	0	0	0	0	0	0	TY_NK_final_18pt	3+3+3+5+4	0-18
Meriones_unguiculatus	0	0	0	0	0	0	0	TY_NK_final_18pt	3+3+3+5+4	0-18
Mesocricetus_auratus	0	0	0	0	0	0	0	TY_NK_final_18pt	3+3+3+5+4	0-18
Mesoplodon_bidens	1	18	1	1	1	1	1	TY_NK_final_18pt	3+3+3+5+4	0-18
Mesoplodon_densirostris	1	18	1	1	1	1	1	TY_NK_final_18pt	3+3+3+5+4	0-18
Mesoplodon_europaeus	1	18	1	1	1	1	1	TY_NK_final_18pt	3+3+3+5+4	0-18
Mesoplodon_stejnegeri	1	18	1	1	1	1	1	TY_NK_final_18pt	3+3+3+5+4	0-18
Microcebus_murinus	0	0	0	0	0	0	0	TY_NK_final_18pt	3+3+3+5+4	0-18
Microtus_agrestis	0	0	0	0	0	0	0	TY_NK_final_18pt	3+3+3+5+4	0-18
Miniopterus_schreibersii	0	0	0	0	0	0	0	TY_NK_final_18pt	3+3+3+5+4	0-18
Mirounga_angustirostris	1	15	1	1	1	1	1	TY_NK_final_18pt	3+3+3+5+4	0-18
Mirounga_leonina	1	15	1	1	1	1	1	TY_NK_final_18pt	3+3+3+5+4	0-18
Mirza_coquereli	0	0	0	0	0	0	0	TY_NK_final_18pt	3+3+3+5+4	0-18
Molossus_molossus	0	0	0	0	0	0	0	TY_NK_final_18pt	3+3+3+5+4	0-18
Monodon_monoceros	1	18	1	1	1	1	1	TY_NK_final_18pt	3+3+3+5+4	0-18
Mormoops_blainvillei	0	0	0	0	0	0	0	TY_NK_final_18pt	3+3+3+5+4	0-18
Moschus_berezovskii	0	0	0	0	0	0	0	TY_NK_final_18pt	3+3+3+5+4	0-18
Moschus_moschiferus	0	0	0	0	0	0	0	TY_NK_final_18pt	3+3+3+5+4	0-18
Mungos_mungo	0	0	0	0	0	0	0	TY_NK_final_18pt	3+3+3+5+4	0-18
Muntiacus_crinifrons	0	0	0	0	0	0	0	TY_NK_final_18pt	3+3+3+5+4	0-18
Muntiacus_muntjak	0	0	0	0	0	0	0	TY_NK_final_18pt	3+3+3+5+4	0-18
Muntiacus_reevesi	0	0	0	0	0	0	0	TY_NK_final_18pt	3+3+3+5+4	0-18
Mus_caroli	0	0	0	0	0	0	0	TY_NK_final_18pt	3+3+3+5+4	0-18
Muscardinus_avellanarius	0	0	0	0	0	0	0	TY_NK_final_18pt	3+3+3+5+4	0-18
Mustela_erminea	0	0	0	0	0	0	0	TY_NK_final_18pt	3+3+3+5+4	0-18
Mustela_putorius_furo	0	0	0	0	0	0	0	TY_NK_final_18pt	3+3+3+5+4	0-18
Myocastor_coypus	0	8	1	1	1	0	1	TY_NK_final_18pt	3+3+3+5+4	0-18
Myodes_glareolus	0	0	0	0	0	0	0	TY_NK_final_18pt	3+3+3+5+4	0-18
Myotis_myotis	0	0	0	0	0	0	0	TY_NK_final_18pt	3+3+3+5+4	0-18
Myrmecophaga_tridactyla	0	0	0	0	0	0	0	TY_NK_final_18pt	3+3+3+5+4	0-18
Nanger_granti	0	0	0	0	0	0	0	TY_NK_final_18pt	3+3+3+5+4	0-18
Nannospalax_galili	0	0	0	0	0	0	0	TY_NK_final_18pt	3+3+3+5+4	0-18
Nasua_narica	0	0	0	0	0	0	0	TY_NK_final_18pt	3+3+3+5+4	0-18
Neofelis_nebulosa	0	0	0	0	0	0	0	TY_NK_final_18pt	3+3+3+5+4	0-18
Neomonachus_schauinslandi	1	15	1	1	1	1	1	TY_NK_final_18pt	3+3+3+5+4	0-18
Neophocaena_asiaeorientalis_asiaeorientalis	1	18	1	1	1	1	1	TY_NK_final_18pt	3+3+3+5+4	0-18
Neovison_vison	0	9	1	1	1	0	0	TY_NK_final_18pt	3+3+3+5+4	0-18
Noctilio_leporinus	0	0	0	0	0	0	0	TY_NK_final_18pt	3+3+3+5+4	0-18
Nomascus_leucogenys	0	0	0	0	0	0	0	TY_NK_final_18pt	3+3+3+5+4	0-18
Nycticebus_coucang	0	0	0	0	0	0	0	TY_NK_final_18pt	3+3+3+5+4	0-18
Ochotona_princeps	0	0	0	0	0	0	0	TY_NK_final_18pt	3+3+3+5+4	0-18
Octodon_degus	0	0	0	0	0	0	0	TY_NK_final_18pt	3+3+3+5+4	0-18
Odobenus_rosmarus_divergens	1	14	1	1	1	1	1	TY_NK_final_18pt	3+3+3+5+4	0-18
Odocoileus_hemionus_hemionus	0	0	0	0	0	0	0	TY_NK_final_18pt	3+3+3+5+4	0-18
Odocoileus_virginianus	0	0	0	0	0	0	0	TY_NK_final_18pt	3+3+3+5+4	0-18
Okapia_johnstoni	0	0	0	0	0	0	0	TY_NK_final_18pt	3+3+3+5+4	0-18
Ondatra_zibethicus	0	10	1	1	1	0	0	TY_NK_final_18pt	3+3+3+5+4	0-18
Onychomys_torridus	0	0	0	0	0	0	0	TY_NK_final_18pt	3+3+3+5+4	0-18
Orcinus_orca	1	18	1	1	1	1	1	TY_NK_final_18pt	3+3+3+5+4	0-18
Oreamnos_americanus	0	0	0	0	0	0	0	TY_NK_final_18pt	3+3+3+5+4	0-18
Oreotragus_oreotragus	0	0	0	0	0	0	0	TY_NK_final_18pt	3+3+3+5+4	0-18
Orycteropus_afer_afer	0	0	0	0	0	0	0	TY_NK_final_18pt	3+3+3+5+4	0-18
Oryctolagus_cuniculus_cuniculus	0	0	0	0	0	0	0	TY_NK_final_18pt	3+3+3+5+4	0-18
Oryx_dammah	0	0	0	0	0	0	0	TY_NK_final_18pt	3+3+3+5+4	0-18
Oryx_gazella	0	0	0	0	0	0	0	TY_NK_final_18pt	3+3+3+5+4	0-18
Otolemur_garnettii	0	0	0	0	0	0	0	TY_NK_final_18pt	3+3+3+5+4	0-18
Ovis_canadensis	0	0	0	0	0	0	0	TY_NK_final_18pt	3+3+3+5+4	0-18
Ovis_nivicola_lydekkeri	0	0	0	0	0	0	0	TY_NK_final_18pt	3+3+3+5+4	0-18
Ovis_orientalis	0	0	0	0	0	0	0	TY_NK_final_18pt	3+3+3+5+4	0-18
Pachyuromys_duprasi	0	0	0	0	0	0	0	TY_NK_final_18pt	3+3+3+5+4	0-18
Pan_troglodytes	0	0	0	0	0	0	0	TY_NK_final_18pt	3+3+3+5+4	0-18
Panthera_leo	0	0	0	0	0	0	0	TY_NK_final_18pt	3+3+3+5+4	0-18
Panthera_onca	0	0	0	0	0	0	0	TY_NK_final_18pt	3+3+3+5+4	0-18
Panthera_pardus	0	0	0	0	0	0	0	TY_NK_final_18pt	3+3+3+5+4	0-18
Panthera_uncia	0	0	0	0	0	0	0	TY_NK_final_18pt	3+3+3+5+4	0-18
Papio_anubis	0	0	0	0	0	0	0	TY_NK_final_18pt	3+3+3+5+4	0-18
Paradoxurus_hermaphroditus	0	0	0	0	0	0	0	TY_NK_final_18pt	3+3+3+5+4	0-18
Pedetes_capensis	0	0	0	0	0	0	0	TY_NK_final_18pt	3+3+3+5+4	0-18
Peponocephala_electra	1	18	1	1	1	1	1	TY_NK_final_18pt	3+3+3+5+4	0-18
Peromyscus_californicus_insignis	0	0	0	0	0	0	0	TY_NK_final_18pt	3+3+3+5+4	0-18
Petromus_typicus	0	0	0	0	0	0	0	TY_NK_final_18pt	3+3+3+5+4	0-18
Phataginus_tricuspis	0	0	0	0	0	0	0	TY_NK_final_18pt	3+3+3+5+4	0-18
Phoca_largha	1	15	1	1	1	1	1	TY_NK_final_18pt	3+3+3+5+4	0-18
Phoca_vitulina	1	15	1	1	1	1	1	TY_NK_final_18pt	3+3+3+5+4	0-18
Phocoena_phocoena	1	18	1	1	1	1	1	TY_NK_final_18pt	3+3+3+5+4	0-18
Phocoena_sinus	1	18	1	1	1	1	1	TY_NK_final_18pt	3+3+3+5+4	0-18
Phyllostomus_discolor	0	0	0	0	0	0	0	TY_NK_final_18pt	3+3+3+5+4	0-18
Physeter_catodon	1	18	1	1	1	1	1	TY_NK_final_18pt	3+3+3+5+4	0-18
Piliocolobus_tephrosceles	0	0	0	0	0	0	0	TY_NK_final_18pt	3+3+3+5+4	0-18
Pipistrellus_kuhlii	0	0	0	0	0	0	0	TY_NK_final_18pt	3+3+3+5+4	0-18
Pithecia_pithecia	0	0	0	0	0	0	0	TY_NK_final_18pt	3+3+3+5+4	0-18
Platanista_minor	1	18	1	1	1	0.5	1	TY_NK_final_18pt	3+3+3+5+4	0-18
Plecturocebus_donacophilus	0	0	0	0	0	0	0	TY_NK_final_18pt	3+3+3+5+4	0-18
Pongo_abelii	0	0	0	0	0	0	0	TY_NK_final_18pt	3+3+3+5+4	0-18
Potos_flavus	0	0	0	0	0	0	0	TY_NK_final_18pt	3+3+3+5+4	0-18
Prionailurus_bengalensis_euptilurus	0	0	0	0	0	0	0	TY_NK_final_18pt	3+3+3+5+4	0-18
Procapra_przewalskii	0	0	0	0	0	0	0	TY_NK_final_18pt	3+3+3+5+4	0-18
Procavia_capensis	0	0	0	0	0	0	0	TY_NK_final_18pt	3+3+3+5+4	0-18
Procyon_lotor	0	0	0	0	0	0	0	TY_NK_final_18pt	3+3+3+5+4	0-18
Prolemur_simus	0	0	0	0	0	0	0	TY_NK_final_18pt	3+3+3+5+4	0-18
Propithecus_coquereli	0	0	0	0	0	0	0	TY_NK_final_18pt	3+3+3+5+4	0-18
Przewalskium_albirostris	0	0	0	0	0	0	0	TY_NK_final_18pt	3+3+3+5+4	0-18
Psammomys_obesus	0	0	0	0	0	0	0	TY_NK_final_18pt	3+3+3+5+4	0-18
Pteronura_brasiliensis	0	12	1	1	1	0	1	TY_NK_final_18pt	3+3+3+5+4	0-18
Pteropus_pselaphon	0	0	0	0	0	0	0	TY_NK_final_18pt	3+3+3+5+4	0-18
Puma_yagouaroundi	0	0	0	0	0	0	0	TY_NK_final_18pt	3+3+3+5+4	0-18
Pygathrix_nemaeus	0	0	0	0	0	0	0	TY_NK_final_18pt	3+3+3+5+4	0-18
Rangifer_tarandus_granti	0	0	0	0	0	0	0	TY_NK_final_18pt	3+3+3+5+4	0-18
Rhinoceros_unicornis	0	3	1	0.5	0	0	0	TY_NK_final_18pt	3+3+3+5+4	0-18
Rhinolophus_sinicus	0	0	0	0	0	0	0	TY_NK_final_18pt	3+3+3+5+4	0-18
Rhinopithecus_bieti	0	0	0	0	0	0	0	TY_NK_final_18pt	3+3+3+5+4	0-18
Rhizomys_pruinosus	0	0	0	0	0	0	0	TY_NK_final_18pt	3+3+3+5+4	0-18
Rhombomys_opimus	0	0	0	0	0	0	0	TY_NK_final_18pt	3+3+3+5+4	0-18
Rousettus_aegyptiacus	0	0	0	0	0	0	0	TY_NK_final_18pt	3+3+3+5+4	0-18
Saguinus_imperator	0	0	0	0	0	0	0	TY_NK_final_18pt	3+3+3+5+4	0-18
Saimiri_boliviensis_boliviensis	0	0	0	0	0	0	0	TY_NK_final_18pt	3+3+3+5+4	0-18
Sapajus_apella	0	0	0	0	0	0	0	TY_NK_final_18pt	3+3+3+5+4	0-18
Scalopus_aquaticus	0	0	0	0	0	0	0	TY_NK_final_18pt	3+3+3+5+4	0-18
Sciurus_vulgaris	0	0	0	0	0	0	0	TY_NK_final_18pt	3+3+3+5+4	0-18
Semnopithecus_entellus	0	0	0	0	0	0	0	TY_NK_final_18pt	3+3+3+5+4	0-18
Sigmodon_hispidus	0	0	0	0	0	0	0	TY_NK_final_18pt	3+3+3+5+4	0-18
Solenodon_paradoxus	0	0	0	0	0	0	0	TY_NK_final_18pt	3+3+3+5+4	0-18
Sousa_chinensis	1	18	1	1	1	1	1	TY_NK_final_18pt	3+3+3+5+4	0-18
Spilogale_gracilis	0	0	0	0	0	0	0	TY_NK_final_18pt	3+3+3+5+4	0-18
Steno_bredanensis	1	18	1	1	1	1	1	TY_NK_final_18pt	3+3+3+5+4	0-18
Sturnira_hondurensis	0	0	0	0	0	0	0	TY_NK_final_18pt	3+3+3+5+4	0-18
Suricata_suricatta	0	0	0	0	0	0	0	TY_NK_final_18pt	3+3+3+5+4	0-18
Sylvicapra_grimmia	0	0	0	0	0	0	0	TY_NK_final_18pt	3+3+3+5+4	0-18
Sylvilagus_bachmani	0	0	0	0	0	0	0	TY_NK_final_18pt	3+3+3+5+4	0-18
Syncerus_caffer	0	2	1	0.5	0	0	1	TY_NK_final_18pt	3+3+3+5+4	0-18
Talpa_occidentalis	0	0	0	0	0	0	0	TY_NK_final_18pt	3+3+3+5+4	0-18
Tapirus_indicus	0	3	1	0.5	0	0	0	TY_NK_final_18pt	3+3+3+5+4	0-18
Tapirus_terrestris	0	3	1	0.5	0	0	0	TY_NK_final_18pt	3+3+3+5+4	0-18
Taxidea_taxus_jeffersonii	0	0	0	0	0	0	0	TY_NK_final_18pt	3+3+3+5+4	0-18
Theropithecus_gelada	0	0	0	0	0	0	0	TY_NK_final_18pt	3+3+3+5+4	0-18
Thryonomys_swinderianus	0	0	0	0	0	0	0	TY_NK_final_18pt	3+3+3+5+4	0-18
Tonatia_saurophila	0	0	0	0	0	0	0	TY_NK_final_18pt	3+3+3+5+4	0-18
Trachypithecus_francoisi	0	0	0	0	0	0	0	TY_NK_final_18pt	3+3+3+5+4	0-18
Tragelaphus_strepsiceros	0	0	0	0	0	0	0	TY_NK_final_18pt	3+3+3+5+4	0-18
Tragulus_javanicus	0	0	0	0	0	0	0	TY_NK_final_18pt	3+3+3+5+4	0-18
Tragulus_kanchil	0	0	0	0	0	0	0	TY_NK_final_18pt	3+3+3+5+4	0-18
Trichechus_manatus_latirostris	1	18	1	1	1	0	1	TY_NK_final_18pt	3+3+3+5+4	0-18
Tupaia_chinensis	0	0	0	0	0	0	0	TY_NK_final_18pt	3+3+3+5+4	0-18
Tursiops_aduncus	1	18	1	1	1	1	1	TY_NK_final_18pt	3+3+3+5+4	0-18
Tursiops_truncatus	1	18	1	1	1	1	1	TY_NK_final_18pt	3+3+3+5+4	0-18
Urocitellus_parryii	0	0	0	0	0	0	0	TY_NK_final_18pt	3+3+3+5+4	0-18
Uromys_caudimaculatus	0	0	0	0	0	0	0	TY_NK_final_18pt	3+3+3+5+4	0-18
Ursus_americanus	0	0	0	0	0	0	0	TY_NK_final_18pt	3+3+3+5+4	0-18
Ursus_arctos_horribilis	0	0	0	0	0	0	0	TY_NK_final_18pt	3+3+3+5+4	0-18
Ursus_maritimus	1	7	1	1	1	1	1	TY_NK_final_18pt	3+3+3+5+4	0-18
Ursus_thibetanus_thibetanus	0	0	0	0	0	0	0	TY_NK_final_18pt	3+3+3+5+4	0-18
Vicugna_vicugna_mensalis	0	0	0	0	0	0	0	TY_NK_final_18pt	3+3+3+5+4	0-18
Vulpes_lagopus	0	0	0	0	0	0	0	TY_NK_final_18pt	3+3+3+5+4	0-18
Vulpes_vulpes	0	0	0	0	0	0	0	TY_NK_final_18pt	3+3+3+5+4	0-18
Xerus_inauris	0	0	0	0	0	0	0	TY_NK_final_18pt	3+3+3+5+4	0-18
Zalophus_californianus	1	14	1	1	1	1	1	TY_NK_final_18pt	3+3+3+5+4	0-18
