Package	Version	LibPath	Priority
BH	1.87.0-1	/Library/Frameworks/R.framework/Versions/4.4-arm64/Resources/library	NA
Biobase	2.66.0	/Library/Frameworks/R.framework/Versions/4.4-arm64/Resources/library	NA
BiocGenerics	0.52.0	/Library/Frameworks/R.framework/Versions/4.4-arm64/Resources/library	NA
BiocManager	1.30.26	/Library/Frameworks/R.framework/Versions/4.4-arm64/Resources/library	NA
BiocVersion	3.20.0	/Library/Frameworks/R.framework/Versions/4.4-arm64/Resources/library	NA
Biostrings	2.74.1	/Library/Frameworks/R.framework/Versions/4.4-arm64/Resources/library	NA
Brobdingnag	1.2-9	/Library/Frameworks/R.framework/Versions/4.4-arm64/Resources/library	NA
ComplexHeatmap	2.22.0	/Library/Frameworks/R.framework/Versions/4.4-arm64/Resources/library	NA
DBI	1.2.3	/Library/Frameworks/R.framework/Versions/4.4-arm64/Resources/library	NA
DEoptim	2.2-8	/Library/Frameworks/R.framework/Versions/4.4-arm64/Resources/library	NA
DT	0.34.0	/Library/Frameworks/R.framework/Versions/4.4-arm64/Resources/library	NA
Deriv	4.2.0	/Library/Frameworks/R.framework/Versions/4.4-arm64/Resources/library	NA
FNN	1.1.4.1	/Library/Frameworks/R.framework/Versions/4.4-arm64/Resources/library	NA
FSA	0.10.1	/Library/Frameworks/R.framework/Versions/4.4-arm64/Resources/library	NA
FactoMineR	2.13	/Library/Frameworks/R.framework/Versions/4.4-arm64/Resources/library	NA
FlexParamCurve	1.5-7	/Library/Frameworks/R.framework/Versions/4.4-arm64/Resources/library	NA
Formula	1.2-5	/Library/Frameworks/R.framework/Versions/4.4-arm64/Resources/library	NA
GPArotation	2025.3-1	/Library/Frameworks/R.framework/Versions/4.4-arm64/Resources/library	NA
GenomeInfoDb	1.42.3	/Library/Frameworks/R.framework/Versions/4.4-arm64/Resources/library	NA
GenomeInfoDbData	1.2.13	/Library/Frameworks/R.framework/Versions/4.4-arm64/Resources/library	NA
GetoptLong	1.0.5	/Library/Frameworks/R.framework/Versions/4.4-arm64/Resources/library	NA
GlobalOptions	0.1.2	/Library/Frameworks/R.framework/Versions/4.4-arm64/Resources/library	NA
Hmisc	5.2-5	/Library/Frameworks/R.framework/Versions/4.4-arm64/Resources/library	NA
IRanges	2.40.1	/Library/Frameworks/R.framework/Versions/4.4-arm64/Resources/library	NA
ISOcodes	2025.05.18	/Library/Frameworks/R.framework/Versions/4.4-arm64/Resources/library	NA
KernSmooth	2.23-26	/Library/Frameworks/R.framework/Versions/4.4-arm64/Resources/library	recommended
MASS	7.3-65	/Library/Frameworks/R.framework/Versions/4.4-arm64/Resources/library	recommended
Matrix	1.7-4	/Library/Frameworks/R.framework/Versions/4.4-arm64/Resources/library	recommended
MatrixModels	0.5-4	/Library/Frameworks/R.framework/Versions/4.4-arm64/Resources/library	NA
NLP	0.3-2	/Library/Frameworks/R.framework/Versions/4.4-arm64/Resources/library	NA
PlotTools	0.4.0	/Library/Frameworks/R.framework/Versions/4.4-arm64/Resources/library	NA
QuickJSR	1.8.1	/Library/Frameworks/R.framework/Versions/4.4-arm64/Resources/library	NA
R.methodsS3	1.8.2	/Library/Frameworks/R.framework/Versions/4.4-arm64/Resources/library	NA
R.oo	1.27.1	/Library/Frameworks/R.framework/Versions/4.4-arm64/Resources/library	NA
R.utils	2.13.0	/Library/Frameworks/R.framework/Versions/4.4-arm64/Resources/library	NA
R6	2.6.1	/Library/Frameworks/R.framework/Versions/4.4-arm64/Resources/library	NA
RColorBrewer	1.1-3	/Library/Frameworks/R.framework/Versions/4.4-arm64/Resources/library	NA
RERconverge	0.3.0	/Library/Frameworks/R.framework/Versions/4.4-arm64/Resources/library	NA
ROCR	1.0-11	/Library/Frameworks/R.framework/Versions/4.4-arm64/Resources/library	NA
RSpectra	0.16-2	/Library/Frameworks/R.framework/Versions/4.4-arm64/Resources/library	NA
Rcpp	1.1.0	/Library/Frameworks/R.framework/Versions/4.4-arm64/Resources/library	NA
RcppArmadillo	15.0.2-2	/Library/Frameworks/R.framework/Versions/4.4-arm64/Resources/library	NA
RcppEigen	0.3.4.0.2	/Library/Frameworks/R.framework/Versions/4.4-arm64/Resources/library	NA
RcppParallel	5.1.11-1	/Library/Frameworks/R.framework/Versions/4.4-arm64/Resources/library	NA
Rdpack	2.6.6	/Library/Frameworks/R.framework/Versions/4.4-arm64/Resources/library	NA
Rhdf5lib	1.28.0	/Library/Frameworks/R.framework/Versions/4.4-arm64/Resources/library	NA
Rttf2pt1	1.3.14	/Library/Frameworks/R.framework/Versions/4.4-arm64/Resources/library	NA
S4Vectors	0.44.0	/Library/Frameworks/R.framework/Versions/4.4-arm64/Resources/library	NA
S7	0.2.0	/Library/Frameworks/R.framework/Versions/4.4-arm64/Resources/library	NA
SnowballC	0.7.1	/Library/Frameworks/R.framework/Versions/4.4-arm64/Resources/library	NA
SparseM	1.84-2	/Library/Frameworks/R.framework/Versions/4.4-arm64/Resources/library	NA
StanHeaders	2.32.10	/Library/Frameworks/R.framework/Versions/4.4-arm64/Resources/library	NA
TDbook	0.0.6	/Library/Frameworks/R.framework/Versions/4.4-arm64/Resources/library	NA
TH.data	1.1-4	/Library/Frameworks/R.framework/Versions/4.4-arm64/Resources/library	NA
TreeTools	2.2.0	/Library/Frameworks/R.framework/Versions/4.4-arm64/Resources/library	NA
UCSC.utils	1.2.0	/Library/Frameworks/R.framework/Versions/4.4-arm64/Resources/library	NA
VennDiagram	1.7.3	/Library/Frameworks/R.framework/Versions/4.4-arm64/Resources/library	NA
XML	3.99-0.20	/Library/Frameworks/R.framework/Versions/4.4-arm64/Resources/library	NA
XVector	0.46.0	/Library/Frameworks/R.framework/Versions/4.4-arm64/Resources/library	NA
abind	1.4-8	/Library/Frameworks/R.framework/Versions/4.4-arm64/Resources/library	NA
ade4	1.7-23	/Library/Frameworks/R.framework/Versions/4.4-arm64/Resources/library	NA
ape	5.8-1	/Library/Frameworks/R.framework/Versions/4.4-arm64/Resources/library	NA
aplot	0.2.9	/Library/Frameworks/R.framework/Versions/4.4-arm64/Resources/library	NA
arrayhelpers	1.1-0	/Library/Frameworks/R.framework/Versions/4.4-arm64/Resources/library	NA
askpass	1.2.1	/Library/Frameworks/R.framework/Versions/4.4-arm64/Resources/library	NA
backports	1.5.0	/Library/Frameworks/R.framework/Versions/4.4-arm64/Resources/library	NA
base	4.4.2	/Library/Frameworks/R.framework/Versions/4.4-arm64/Resources/library	base
base64enc	0.1-3	/Library/Frameworks/R.framework/Versions/4.4-arm64/Resources/library	NA
bayesplot	1.14.0	/Library/Frameworks/R.framework/Versions/4.4-arm64/Resources/library	NA
biomformat	1.34.0	/Library/Frameworks/R.framework/Versions/4.4-arm64/Resources/library	NA
bit	4.6.0	/Library/Frameworks/R.framework/Versions/4.4-arm64/Resources/library	NA
bit64	4.6.0-1	/Library/Frameworks/R.framework/Versions/4.4-arm64/Resources/library	NA
bitops	1.0-9	/Library/Frameworks/R.framework/Versions/4.4-arm64/Resources/library	NA
blob	1.2.4	/Library/Frameworks/R.framework/Versions/4.4-arm64/Resources/library	NA
boot	1.3-32	/Library/Frameworks/R.framework/Versions/4.4-arm64/Resources/library	recommended
brew	1.0-10	/Library/Frameworks/R.framework/Versions/4.4-arm64/Resources/library	NA
bridgesampling	1.1-2	/Library/Frameworks/R.framework/Versions/4.4-arm64/Resources/library	NA
brio	1.1.5	/Library/Frameworks/R.framework/Versions/4.4-arm64/Resources/library	NA
brms	2.23.0	/Library/Frameworks/R.framework/Versions/4.4-arm64/Resources/library	NA
broom	1.0.10	/Library/Frameworks/R.framework/Versions/4.4-arm64/Resources/library	NA
bslib	0.9.0	/Library/Frameworks/R.framework/Versions/4.4-arm64/Resources/library	NA
caTools	1.18.3	/Library/Frameworks/R.framework/Versions/4.4-arm64/Resources/library	NA
cachem	1.1.0	/Library/Frameworks/R.framework/Versions/4.4-arm64/Resources/library	NA
calibrate	1.7.7	/Library/Frameworks/R.framework/Versions/4.4-arm64/Resources/library	NA
callr	3.7.6	/Library/Frameworks/R.framework/Versions/4.4-arm64/Resources/library	NA
caper	1.0.4	/Library/Frameworks/R.framework/Versions/4.4-arm64/Resources/library	NA
car	3.1-3	/Library/Frameworks/R.framework/Versions/4.4-arm64/Resources/library	NA
carData	3.0-5	/Library/Frameworks/R.framework/Versions/4.4-arm64/Resources/library	NA
castor	1.8.4	/Library/Frameworks/R.framework/Versions/4.4-arm64/Resources/library	NA
cellranger	1.1.0	/Library/Frameworks/R.framework/Versions/4.4-arm64/Resources/library	NA
checkmate	2.3.3	/Library/Frameworks/R.framework/Versions/4.4-arm64/Resources/library	NA
circlize	0.4.16	/Library/Frameworks/R.framework/Versions/4.4-arm64/Resources/library	NA
class	7.3-23	/Library/Frameworks/R.framework/Versions/4.4-arm64/Resources/library	recommended
cli	3.6.5	/Library/Frameworks/R.framework/Versions/4.4-arm64/Resources/library	NA
clipr	0.8.0	/Library/Frameworks/R.framework/Versions/4.4-arm64/Resources/library	NA
clue	0.3-66	/Library/Frameworks/R.framework/Versions/4.4-arm64/Resources/library	NA
cluster	2.1.8.1	/Library/Frameworks/R.framework/Versions/4.4-arm64/Resources/library	recommended
clusterGeneration	1.3.8	/Library/Frameworks/R.framework/Versions/4.4-arm64/Resources/library	NA
coda	0.19-4.1	/Library/Frameworks/R.framework/Versions/4.4-arm64/Resources/library	NA
codetools	0.2-20	/Library/Frameworks/R.framework/Versions/4.4-arm64/Resources/library	recommended
coin	1.4-3	/Library/Frameworks/R.framework/Versions/4.4-arm64/Resources/library	NA
colorspace	2.1-2	/Library/Frameworks/R.framework/Versions/4.4-arm64/Resources/library	NA
combinat	0.0-8	/Library/Frameworks/R.framework/Versions/4.4-arm64/Resources/library	NA
commonmark	2.0.0	/Library/Frameworks/R.framework/Versions/4.4-arm64/Resources/library	NA
compiler	4.4.2	/Library/Frameworks/R.framework/Versions/4.4-arm64/Resources/library	base
conflicted	1.2.0	/Library/Frameworks/R.framework/Versions/4.4-arm64/Resources/library	NA
corrplot	0.95	/Library/Frameworks/R.framework/Versions/4.4-arm64/Resources/library	NA
cowplot	1.2.0	/Library/Frameworks/R.framework/Versions/4.4-arm64/Resources/library	NA
cpp11	0.5.2	/Library/Frameworks/R.framework/Versions/4.4-arm64/Resources/library	NA
crayon	1.5.3	/Library/Frameworks/R.framework/Versions/4.4-arm64/Resources/library	NA
credentials	2.0.3	/Library/Frameworks/R.framework/Versions/4.4-arm64/Resources/library	NA
crosstalk	1.2.2	/Library/Frameworks/R.framework/Versions/4.4-arm64/Resources/library	NA
curl	7.0.0	/Library/Frameworks/R.framework/Versions/4.4-arm64/Resources/library	NA
data.table	1.17.8	/Library/Frameworks/R.framework/Versions/4.4-arm64/Resources/library	NA
data.tree	1.2.0	/Library/Frameworks/R.framework/Versions/4.4-arm64/Resources/library	NA
datasets	4.4.2	/Library/Frameworks/R.framework/Versions/4.4-arm64/Resources/library	base
datawizard	1.3.0	/Library/Frameworks/R.framework/Versions/4.4-arm64/Resources/library	NA
dbplyr	2.5.1	/Library/Frameworks/R.framework/Versions/4.4-arm64/Resources/library	NA
deSolve	1.42	/Library/Frameworks/R.framework/Versions/4.4-arm64/Resources/library	NA
dendextend	1.19.1	/Library/Frameworks/R.framework/Versions/4.4-arm64/Resources/library	NA
desc	1.4.3	/Library/Frameworks/R.framework/Versions/4.4-arm64/Resources/library	NA
devEMF	4.5-1	/Library/Frameworks/R.framework/Versions/4.4-arm64/Resources/library	NA
devtools	2.4.6	/Library/Frameworks/R.framework/Versions/4.4-arm64/Resources/library	NA
diffobj	0.3.6	/Library/Frameworks/R.framework/Versions/4.4-arm64/Resources/library	NA
digest	0.6.38	/Library/Frameworks/R.framework/Versions/4.4-arm64/Resources/library	NA
distributional	0.5.0	/Library/Frameworks/R.framework/Versions/4.4-arm64/Resources/library	NA
doBy	4.7.0	/Library/Frameworks/R.framework/Versions/4.4-arm64/Resources/library	NA
doParallel	1.0.17	/Library/Frameworks/R.framework/Versions/4.4-arm64/Resources/library	NA
downlit	0.4.4	/Library/Frameworks/R.framework/Versions/4.4-arm64/Resources/library	NA
dplyr	1.1.4	/Library/Frameworks/R.framework/Versions/4.4-arm64/Resources/library	NA
dtplyr	1.3.2	/Library/Frameworks/R.framework/Versions/4.4-arm64/Resources/library	NA
dunn.test	1.3.7	/Library/Frameworks/R.framework/Versions/4.4-arm64/Resources/library	NA
editData	0.1.8	/Library/Frameworks/R.framework/Versions/4.4-arm64/Resources/library	NA
ellipse	0.5.0	/Library/Frameworks/R.framework/Versions/4.4-arm64/Resources/library	NA
ellipsis	0.3.2	/Library/Frameworks/R.framework/Versions/4.4-arm64/Resources/library	NA
emmeans	2.0.1	/Library/Frameworks/R.framework/Versions/4.4-arm64/Resources/library	NA
estimability	1.5.1	/Library/Frameworks/R.framework/Versions/4.4-arm64/Resources/library	NA
evaluate	1.0.5	/Library/Frameworks/R.framework/Versions/4.4-arm64/Resources/library	NA
exactRankTests	0.8-35	/Library/Frameworks/R.framework/Versions/4.4-arm64/Resources/library	NA
expm	1.0-0	/Library/Frameworks/R.framework/Versions/4.4-arm64/Resources/library	NA
extrafont	0.20	/Library/Frameworks/R.framework/Versions/4.4-arm64/Resources/library	NA
extrafontdb	1.1	/Library/Frameworks/R.framework/Versions/4.4-arm64/Resources/library	NA
factoextra	1.0.7	/Library/Frameworks/R.framework/Versions/4.4-arm64/Resources/library	NA
fansi	1.0.6	/Library/Frameworks/R.framework/Versions/4.4-arm64/Resources/library	NA
farver	2.1.2	/Library/Frameworks/R.framework/Versions/4.4-arm64/Resources/library	NA
fastmap	1.2.0	/Library/Frameworks/R.framework/Versions/4.4-arm64/Resources/library	NA
fastmatch	1.1-6	/Library/Frameworks/R.framework/Versions/4.4-arm64/Resources/library	NA
flashClust	1.01-2	/Library/Frameworks/R.framework/Versions/4.4-arm64/Resources/library	NA
flextable	0.9.10	/Library/Frameworks/R.framework/Versions/4.4-arm64/Resources/library	NA
fontBitstreamVera	0.1.1	/Library/Frameworks/R.framework/Versions/4.4-arm64/Resources/library	NA
fontLiberation	0.1.0	/Library/Frameworks/R.framework/Versions/4.4-arm64/Resources/library	NA
fontawesome	0.5.3	/Library/Frameworks/R.framework/Versions/4.4-arm64/Resources/library	NA
fontquiver	0.2.1	/Library/Frameworks/R.framework/Versions/4.4-arm64/Resources/library	NA
forcats	1.0.1	/Library/Frameworks/R.framework/Versions/4.4-arm64/Resources/library	NA
foreach	1.5.2	/Library/Frameworks/R.framework/Versions/4.4-arm64/Resources/library	NA
foreign	0.8-90	/Library/Frameworks/R.framework/Versions/4.4-arm64/Resources/library	recommended
formatR	1.14	/Library/Frameworks/R.framework/Versions/4.4-arm64/Resources/library	NA
fs	1.6.6	/Library/Frameworks/R.framework/Versions/4.4-arm64/Resources/library	NA
futile.logger	1.4.3	/Library/Frameworks/R.framework/Versions/4.4-arm64/Resources/library	NA
futile.options	1.0.1	/Library/Frameworks/R.framework/Versions/4.4-arm64/Resources/library	NA
future	1.67.0	/Library/Frameworks/R.framework/Versions/4.4-arm64/Resources/library	NA
future.apply	1.20.0	/Library/Frameworks/R.framework/Versions/4.4-arm64/Resources/library	NA
gargle	1.6.0	/Library/Frameworks/R.framework/Versions/4.4-arm64/Resources/library	NA
gcookbook	2.0.1	/Library/Frameworks/R.framework/Versions/4.4-arm64/Resources/library	NA
gdata	3.0.1	/Library/Frameworks/R.framework/Versions/4.4-arm64/Resources/library	NA
gdtools	0.4.4	/Library/Frameworks/R.framework/Versions/4.4-arm64/Resources/library	NA
geiger	2.0.11	/Library/Frameworks/R.framework/Versions/4.4-arm64/Resources/library	NA
generics	0.1.4	/Library/Frameworks/R.framework/Versions/4.4-arm64/Resources/library	NA
gert	2.1.5	/Library/Frameworks/R.framework/Versions/4.4-arm64/Resources/library	NA
ggdist	3.3.3	/Library/Frameworks/R.framework/Versions/4.4-arm64/Resources/library	NA
ggforce	0.5.0	/Library/Frameworks/R.framework/Versions/4.4-arm64/Resources/library	NA
ggfun	0.2.0	/Library/Frameworks/R.framework/Versions/4.4-arm64/Resources/library	NA
ggimage	0.3.4	/Library/Frameworks/R.framework/Versions/4.4-arm64/Resources/library	NA
ggiraph	0.9.2	/Library/Frameworks/R.framework/Versions/4.4-arm64/Resources/library	NA
ggnewscale	0.5.2	/Library/Frameworks/R.framework/Versions/4.4-arm64/Resources/library	NA
ggplot2	4.0.0	/Library/Frameworks/R.framework/Versions/4.4-arm64/Resources/library	NA
ggplotify	0.1.3	/Library/Frameworks/R.framework/Versions/4.4-arm64/Resources/library	NA
ggpubr	0.6.2	/Library/Frameworks/R.framework/Versions/4.4-arm64/Resources/library	NA
ggraph	2.2.2	/Library/Frameworks/R.framework/Versions/4.4-arm64/Resources/library	NA
ggrepel	0.9.6	/Library/Frameworks/R.framework/Versions/4.4-arm64/Resources/library	NA
ggridges	0.5.7	/Library/Frameworks/R.framework/Versions/4.4-arm64/Resources/library	NA
ggsci	4.1.0	/Library/Frameworks/R.framework/Versions/4.4-arm64/Resources/library	NA
ggsignif	0.6.4	/Library/Frameworks/R.framework/Versions/4.4-arm64/Resources/library	NA
ggstar	1.0.6	/Library/Frameworks/R.framework/Versions/4.4-arm64/Resources/library	NA
ggtree	3.14.0	/Library/Frameworks/R.framework/Versions/4.4-arm64/Resources/library	NA
ggtreeExtra	1.16.0	/Library/Frameworks/R.framework/Versions/4.4-arm64/Resources/library	NA
gh	1.5.0	/Library/Frameworks/R.framework/Versions/4.4-arm64/Resources/library	NA
gitcreds	0.1.2	/Library/Frameworks/R.framework/Versions/4.4-arm64/Resources/library	NA
glmnet	4.1-10	/Library/Frameworks/R.framework/Versions/4.4-arm64/Resources/library	NA
globals	0.18.0	/Library/Frameworks/R.framework/Versions/4.4-arm64/Resources/library	NA
glue	1.8.0	/Library/Frameworks/R.framework/Versions/4.4-arm64/Resources/library	NA
googledrive	2.1.2	/Library/Frameworks/R.framework/Versions/4.4-arm64/Resources/library	NA
googlesheets4	1.1.2	/Library/Frameworks/R.framework/Versions/4.4-arm64/Resources/library	NA
gplots	3.2.0	/Library/Frameworks/R.framework/Versions/4.4-arm64/Resources/library	NA
grDevices	4.4.2	/Library/Frameworks/R.framework/Versions/4.4-arm64/Resources/library	base
graphics	4.4.2	/Library/Frameworks/R.framework/Versions/4.4-arm64/Resources/library	base
graphlayouts	1.2.2	/Library/Frameworks/R.framework/Versions/4.4-arm64/Resources/library	NA
grid	4.4.2	/Library/Frameworks/R.framework/Versions/4.4-arm64/Resources/library	base
gridExtra	2.3	/Library/Frameworks/R.framework/Versions/4.4-arm64/Resources/library	NA
gridGraphics	0.5-1	/Library/Frameworks/R.framework/Versions/4.4-arm64/Resources/library	NA
gtable	0.3.6	/Library/Frameworks/R.framework/Versions/4.4-arm64/Resources/library	NA
gtools	3.9.5	/Library/Frameworks/R.framework/Versions/4.4-arm64/Resources/library	NA
haven	2.5.5	/Library/Frameworks/R.framework/Versions/4.4-arm64/Resources/library	NA
highr	0.11	/Library/Frameworks/R.framework/Versions/4.4-arm64/Resources/library	NA
hms	1.1.4	/Library/Frameworks/R.framework/Versions/4.4-arm64/Resources/library	NA
hrbrthemes	0.8.7	/Library/Frameworks/R.framework/Versions/4.4-arm64/Resources/library	NA
htmlTable	2.4.3	/Library/Frameworks/R.framework/Versions/4.4-arm64/Resources/library	NA
htmltools	0.5.8.1	/Library/Frameworks/R.framework/Versions/4.4-arm64/Resources/library	NA
htmlwidgets	1.6.4	/Library/Frameworks/R.framework/Versions/4.4-arm64/Resources/library	NA
httpuv	1.6.16	/Library/Frameworks/R.framework/Versions/4.4-arm64/Resources/library	NA
httr	1.4.7	/Library/Frameworks/R.framework/Versions/4.4-arm64/Resources/library	NA
httr2	1.2.1	/Library/Frameworks/R.framework/Versions/4.4-arm64/Resources/library	NA
ids	1.0.1	/Library/Frameworks/R.framework/Versions/4.4-arm64/Resources/library	NA
igraph	2.2.1	/Library/Frameworks/R.framework/Versions/4.4-arm64/Resources/library	NA
impute	1.80.0	/Library/Frameworks/R.framework/Versions/4.4-arm64/Resources/library	NA
ini	0.3.1	/Library/Frameworks/R.framework/Versions/4.4-arm64/Resources/library	NA
inline	0.3.21	/Library/Frameworks/R.framework/Versions/4.4-arm64/Resources/library	NA
insight	1.4.2	/Library/Frameworks/R.framework/Versions/4.4-arm64/Resources/library	NA
ips	0.0.12	/Library/Frameworks/R.framework/Versions/4.4-arm64/Resources/library	NA
isoband	0.2.7	/Library/Frameworks/R.framework/Versions/4.4-arm64/Resources/library	NA
iterators	1.0.14	/Library/Frameworks/R.framework/Versions/4.4-arm64/Resources/library	NA
janeaustenr	1.0.0	/Library/Frameworks/R.framework/Versions/4.4-arm64/Resources/library	NA
jomo	2.7-6	/Library/Frameworks/R.framework/Versions/4.4-arm64/Resources/library	NA
jquerylib	0.1.4	/Library/Frameworks/R.framework/Versions/4.4-arm64/Resources/library	NA
jsonlite	2.0.0	/Library/Frameworks/R.framework/Versions/4.4-arm64/Resources/library	NA
kernlab	0.9-33	/Library/Frameworks/R.framework/Versions/4.4-arm64/Resources/library	NA
knitr	1.50	/Library/Frameworks/R.framework/Versions/4.4-arm64/Resources/library	NA
ks	1.15.1	/Library/Frameworks/R.framework/Versions/4.4-arm64/Resources/library	NA
labeling	0.4.3	/Library/Frameworks/R.framework/Versions/4.4-arm64/Resources/library	NA
lambda.r	1.2.4	/Library/Frameworks/R.framework/Versions/4.4-arm64/Resources/library	NA
later	1.4.4	/Library/Frameworks/R.framework/Versions/4.4-arm64/Resources/library	NA
lattice	0.22-7	/Library/Frameworks/R.framework/Versions/4.4-arm64/Resources/library	recommended
lazyeval	0.2.2	/Library/Frameworks/R.framework/Versions/4.4-arm64/Resources/library	NA
leaps	3.2	/Library/Frameworks/R.framework/Versions/4.4-arm64/Resources/library	NA
libcoin	1.0-10	/Library/Frameworks/R.framework/Versions/4.4-arm64/Resources/library	NA
lifecycle	1.0.4	/Library/Frameworks/R.framework/Versions/4.4-arm64/Resources/library	NA
listenv	0.10.0	/Library/Frameworks/R.framework/Versions/4.4-arm64/Resources/library	NA
lme4	1.1-37	/Library/Frameworks/R.framework/Versions/4.4-arm64/Resources/library	NA
lmtest	0.9-40	/Library/Frameworks/R.framework/Versions/4.4-arm64/Resources/library	NA
loo	2.8.0	/Library/Frameworks/R.framework/Versions/4.4-arm64/Resources/library	NA
lubridate	1.9.4	/Library/Frameworks/R.framework/Versions/4.4-arm64/Resources/library	NA
magick	2.9.0	/Library/Frameworks/R.framework/Versions/4.4-arm64/Resources/library	NA
magrittr	2.0.4	/Library/Frameworks/R.framework/Versions/4.4-arm64/Resources/library	NA
maps	3.4.3	/Library/Frameworks/R.framework/Versions/4.4-arm64/Resources/library	NA
matrixStats	1.5.0	/Library/Frameworks/R.framework/Versions/4.4-arm64/Resources/library	NA
mclust	6.1.2	/Library/Frameworks/R.framework/Versions/4.4-arm64/Resources/library	NA
memoise	2.0.1	/Library/Frameworks/R.framework/Versions/4.4-arm64/Resources/library	NA
memuse	4.2-3	/Library/Frameworks/R.framework/Versions/4.4-arm64/Resources/library	NA
methods	4.4.2	/Library/Frameworks/R.framework/Versions/4.4-arm64/Resources/library	base
mgcv	1.9-4	/Library/Frameworks/R.framework/Versions/4.4-arm64/Resources/library	recommended
mice	3.19.0	/Library/Frameworks/R.framework/Versions/4.4-arm64/Resources/library	NA
microbenchmark	1.5.0	/Library/Frameworks/R.framework/Versions/4.4-arm64/Resources/library	NA
mime	0.13	/Library/Frameworks/R.framework/Versions/4.4-arm64/Resources/library	NA
miniUI	0.1.2	/Library/Frameworks/R.framework/Versions/4.4-arm64/Resources/library	NA
minpack.lm	1.2-4	/Library/Frameworks/R.framework/Versions/4.4-arm64/Resources/library	NA
minqa	1.2.8	/Library/Frameworks/R.framework/Versions/4.4-arm64/Resources/library	NA
mitml	0.4-5	/Library/Frameworks/R.framework/Versions/4.4-arm64/Resources/library	NA
mnormt	2.1.1	/Library/Frameworks/R.framework/Versions/4.4-arm64/Resources/library	NA
modelr	0.1.11	/Library/Frameworks/R.framework/Versions/4.4-arm64/Resources/library	NA
modeltools	0.2-24	/Library/Frameworks/R.framework/Versions/4.4-arm64/Resources/library	NA
moonBook	0.3.1	/Library/Frameworks/R.framework/Versions/4.4-arm64/Resources/library	NA
motmot	2.1.3	/Library/Frameworks/R.framework/Versions/4.4-arm64/Resources/library	NA
multcomp	1.4-29	/Library/Frameworks/R.framework/Versions/4.4-arm64/Resources/library	NA
multcompView	0.1-10	/Library/Frameworks/R.framework/Versions/4.4-arm64/Resources/library	NA
multicool	1.0.1	/Library/Frameworks/R.framework/Versions/4.4-arm64/Resources/library	NA
multipleROC	0.1.1	/Library/Frameworks/R.framework/Versions/4.4-arm64/Resources/library	NA
multtest	2.62.0	/Library/Frameworks/R.framework/Versions/4.4-arm64/Resources/library	NA
munsell	0.5.1	/Library/Frameworks/R.framework/Versions/4.4-arm64/Resources/library	NA
mvtnorm	1.3-3	/Library/Frameworks/R.framework/Versions/4.4-arm64/Resources/library	NA
naturalsort	0.1.3	/Library/Frameworks/R.framework/Versions/4.4-arm64/Resources/library	NA
ncbit	2013.03.29.1	/Library/Frameworks/R.framework/Versions/4.4-arm64/Resources/library	NA
networkD3	0.4.1	/Library/Frameworks/R.framework/Versions/4.4-arm64/Resources/library	NA
nleqslv	3.3.5	/Library/Frameworks/R.framework/Versions/4.4-arm64/Resources/library	NA
nlme	3.1-168	/Library/Frameworks/R.framework/Versions/4.4-arm64/Resources/library	recommended
nloptr	2.2.1	/Library/Frameworks/R.framework/Versions/4.4-arm64/Resources/library	NA
nnet	7.3-20	/Library/Frameworks/R.framework/Versions/4.4-arm64/Resources/library	recommended
nortest	1.0-4	/Library/Frameworks/R.framework/Versions/4.4-arm64/Resources/library	NA
numDeriv	2016.8-1.1	/Library/Frameworks/R.framework/Versions/4.4-arm64/Resources/library	NA
officer	0.7.0	/Library/Frameworks/R.framework/Versions/4.4-arm64/Resources/library	NA
openssl	2.3.4	/Library/Frameworks/R.framework/Versions/4.4-arm64/Resources/library	NA
openxlsx	4.2.8.1	/Library/Frameworks/R.framework/Versions/4.4-arm64/Resources/library	NA
optimParallel	1.0-2	/Library/Frameworks/R.framework/Versions/4.4-arm64/Resources/library	NA
ordinal	2025.12-29	/Library/Frameworks/R.framework/Versions/4.4-arm64/Resources/library	NA
otel	0.2.0	/Library/Frameworks/R.framework/Versions/4.4-arm64/Resources/library	NA
pROC	1.19.0.1	/Library/Frameworks/R.framework/Versions/4.4-arm64/Resources/library	NA
pan	1.9	/Library/Frameworks/R.framework/Versions/4.4-arm64/Resources/library	NA
parallel	4.4.2	/Library/Frameworks/R.framework/Versions/4.4-arm64/Resources/library	base
parallelly	1.45.1	/Library/Frameworks/R.framework/Versions/4.4-arm64/Resources/library	NA
patchwork	1.3.2	/Library/Frameworks/R.framework/Versions/4.4-arm64/Resources/library	NA
pbkrtest	0.5.5	/Library/Frameworks/R.framework/Versions/4.4-arm64/Resources/library	NA
pcaMethods	1.98.0	/Library/Frameworks/R.framework/Versions/4.4-arm64/Resources/library	NA
permute	0.9-8	/Library/Frameworks/R.framework/Versions/4.4-arm64/Resources/library	NA
phangorn	2.12.1	/Library/Frameworks/R.framework/Versions/4.4-arm64/Resources/library	NA
phyloseq	1.50.0	/Library/Frameworks/R.framework/Versions/4.4-arm64/Resources/library	NA
phytools	2.5-2	/Library/Frameworks/R.framework/Versions/4.4-arm64/Resources/library	NA
pillar	1.11.1	/Library/Frameworks/R.framework/Versions/4.4-arm64/Resources/library	NA
pinfsc50	1.3.0	/Library/Frameworks/R.framework/Versions/4.4-arm64/Resources/library	NA
pixmap	0.4-14	/Library/Frameworks/R.framework/Versions/4.4-arm64/Resources/library	NA
pkgbuild	1.4.8	/Library/Frameworks/R.framework/Versions/4.4-arm64/Resources/library	NA
pkgconfig	2.0.3	/Library/Frameworks/R.framework/Versions/4.4-arm64/Resources/library	NA
pkgdown	2.2.0	/Library/Frameworks/R.framework/Versions/4.4-arm64/Resources/library	NA
pkgload	1.4.1	/Library/Frameworks/R.framework/Versions/4.4-arm64/Resources/library	NA
plotly	4.11.0	/Library/Frameworks/R.framework/Versions/4.4-arm64/Resources/library	NA
plotrix	3.8-14	/Library/Frameworks/R.framework/Versions/4.4-arm64/Resources/library	NA
plyr	1.8.9	/Library/Frameworks/R.framework/Versions/4.4-arm64/Resources/library	NA
png	0.1-8	/Library/Frameworks/R.framework/Versions/4.4-arm64/Resources/library	NA
polyclip	1.10-7	/Library/Frameworks/R.framework/Versions/4.4-arm64/Resources/library	NA
polynom	1.4-1	/Library/Frameworks/R.framework/Versions/4.4-arm64/Resources/library	NA
posterior	1.6.1	/Library/Frameworks/R.framework/Versions/4.4-arm64/Resources/library	NA
pracma	2.4.6	/Library/Frameworks/R.framework/Versions/4.4-arm64/Resources/library	NA
praise	1.0.0	/Library/Frameworks/R.framework/Versions/4.4-arm64/Resources/library	NA
prettyunits	1.2.0	/Library/Frameworks/R.framework/Versions/4.4-arm64/Resources/library	NA
processx	3.8.6	/Library/Frameworks/R.framework/Versions/4.4-arm64/Resources/library	NA
profvis	0.4.0	/Library/Frameworks/R.framework/Versions/4.4-arm64/Resources/library	NA
progress	1.2.3	/Library/Frameworks/R.framework/Versions/4.4-arm64/Resources/library	NA
promises	1.5.0	/Library/Frameworks/R.framework/Versions/4.4-arm64/Resources/library	NA
ps	1.9.1	/Library/Frameworks/R.framework/Versions/4.4-arm64/Resources/library	NA
psych	2.5.6	/Library/Frameworks/R.framework/Versions/4.4-arm64/Resources/library	NA
purrr	1.2.0	/Library/Frameworks/R.framework/Versions/4.4-arm64/Resources/library	NA
qqman	0.1.9	/Library/Frameworks/R.framework/Versions/4.4-arm64/Resources/library	NA
quadprog	1.5-8	/Library/Frameworks/R.framework/Versions/4.4-arm64/Resources/library	NA
quantreg	6.1	/Library/Frameworks/R.framework/Versions/4.4-arm64/Resources/library	NA
ragg	1.5.0	/Library/Frameworks/R.framework/Versions/4.4-arm64/Resources/library	NA
rappdirs	0.3.3	/Library/Frameworks/R.framework/Versions/4.4-arm64/Resources/library	NA
rbibutils	2.4.1	/Library/Frameworks/R.framework/Versions/4.4-arm64/Resources/library	NA
rcmdcheck	1.4.0	/Library/Frameworks/R.framework/Versions/4.4-arm64/Resources/library	NA
readr	2.1.5	/Library/Frameworks/R.framework/Versions/4.4-arm64/Resources/library	NA
readxl	1.4.5	/Library/Frameworks/R.framework/Versions/4.4-arm64/Resources/library	NA
reformulas	0.4.2	/Library/Frameworks/R.framework/Versions/4.4-arm64/Resources/library	NA
rematch	2.0.0	/Library/Frameworks/R.framework/Versions/4.4-arm64/Resources/library	NA
rematch2	2.1.2	/Library/Frameworks/R.framework/Versions/4.4-arm64/Resources/library	NA
remotes	2.5.0	/Library/Frameworks/R.framework/Versions/4.4-arm64/Resources/library	NA
reprex	2.1.1	/Library/Frameworks/R.framework/Versions/4.4-arm64/Resources/library	NA
reshape2	1.4.5	/Library/Frameworks/R.framework/Versions/4.4-arm64/Resources/library	NA
rhdf5	2.50.2	/Library/Frameworks/R.framework/Versions/4.4-arm64/Resources/library	NA
rhdf5filters	1.18.1	/Library/Frameworks/R.framework/Versions/4.4-arm64/Resources/library	NA
rio	1.2.4	/Library/Frameworks/R.framework/Versions/4.4-arm64/Resources/library	NA
rjson	0.2.23	/Library/Frameworks/R.framework/Versions/4.4-arm64/Resources/library	NA
rlang	1.1.6	/Library/Frameworks/R.framework/Versions/4.4-arm64/Resources/library	NA
rmarkdown	2.30	/Library/Frameworks/R.framework/Versions/4.4-arm64/Resources/library	NA
roxygen2	7.3.3	/Library/Frameworks/R.framework/Versions/4.4-arm64/Resources/library	NA
rpart	4.1.24	/Library/Frameworks/R.framework/Versions/4.4-arm64/Resources/library	recommended
rprojroot	2.1.1	/Library/Frameworks/R.framework/Versions/4.4-arm64/Resources/library	NA
rrBLUP	4.6.3	/Library/Frameworks/R.framework/Versions/4.4-arm64/Resources/library	NA
rrtable	0.3.0	/Library/Frameworks/R.framework/Versions/4.4-arm64/Resources/library	NA
rstan	2.32.7	/Library/Frameworks/R.framework/Versions/4.4-arm64/Resources/library	NA
rstantools	2.5.0	/Library/Frameworks/R.framework/Versions/4.4-arm64/Resources/library	NA
rstatix	0.7.3	/Library/Frameworks/R.framework/Versions/4.4-arm64/Resources/library	NA
rstudioapi	0.17.1	/Library/Frameworks/R.framework/Versions/4.4-arm64/Resources/library	NA
rsvg	2.7.0	/Library/Frameworks/R.framework/Versions/4.4-arm64/Resources/library	NA
rversions	3.0.0	/Library/Frameworks/R.framework/Versions/4.4-arm64/Resources/library	NA
rvest	1.0.5	/Library/Frameworks/R.framework/Versions/4.4-arm64/Resources/library	NA
rvg	0.4.0	/Library/Frameworks/R.framework/Versions/4.4-arm64/Resources/library	NA
sandwich	3.1-1	/Library/Frameworks/R.framework/Versions/4.4-arm64/Resources/library	NA
sass	0.4.10	/Library/Frameworks/R.framework/Versions/4.4-arm64/Resources/library	NA
scales	1.4.0	/Library/Frameworks/R.framework/Versions/4.4-arm64/Resources/library	NA
scatterplot3d	0.3-44	/Library/Frameworks/R.framework/Versions/4.4-arm64/Resources/library	NA
selectr	0.4-2	/Library/Frameworks/R.framework/Versions/4.4-arm64/Resources/library	NA
sessioninfo	1.2.3	/Library/Frameworks/R.framework/Versions/4.4-arm64/Resources/library	NA
shape	1.4.6.1	/Library/Frameworks/R.framework/Versions/4.4-arm64/Resources/library	NA
shiny	1.11.1	/Library/Frameworks/R.framework/Versions/4.4-arm64/Resources/library	NA
shinyWidgets	0.9.0	/Library/Frameworks/R.framework/Versions/4.4-arm64/Resources/library	NA
sjlabelled	1.2.0	/Library/Frameworks/R.framework/Versions/4.4-arm64/Resources/library	NA
sjmisc	2.8.11	/Library/Frameworks/R.framework/Versions/4.4-arm64/Resources/library	NA
slam	0.1-55	/Library/Frameworks/R.framework/Versions/4.4-arm64/Resources/library	NA
sourcetools	0.1.7-1	/Library/Frameworks/R.framework/Versions/4.4-arm64/Resources/library	NA
sp	2.2-0	/Library/Frameworks/R.framework/Versions/4.4-arm64/Resources/library	NA
spatial	7.3-18	/Library/Frameworks/R.framework/Versions/4.4-arm64/Resources/library	recommended
spiralize	1.1.0	/Library/Frameworks/R.framework/Versions/4.4-arm64/Resources/library	NA
splines	4.4.2	/Library/Frameworks/R.framework/Versions/4.4-arm64/Resources/library	base
stats	4.4.2	/Library/Frameworks/R.framework/Versions/4.4-arm64/Resources/library	base
stats4	4.4.2	/Library/Frameworks/R.framework/Versions/4.4-arm64/Resources/library	base
stopwords	2.3	/Library/Frameworks/R.framework/Versions/4.4-arm64/Resources/library	NA
stringi	1.8.7	/Library/Frameworks/R.framework/Versions/4.4-arm64/Resources/library	NA
stringr	1.6.0	/Library/Frameworks/R.framework/Versions/4.4-arm64/Resources/library	NA
subplex	1.9	/Library/Frameworks/R.framework/Versions/4.4-arm64/Resources/library	NA
survival	3.8-3	/Library/Frameworks/R.framework/Versions/4.4-arm64/Resources/library	recommended
svUnit	1.0.8	/Library/Frameworks/R.framework/Versions/4.4-arm64/Resources/library	NA
svglite	2.2.2	/Library/Frameworks/R.framework/Versions/4.4-arm64/Resources/library	NA
sys	3.4.3	/Library/Frameworks/R.framework/Versions/4.4-arm64/Resources/library	NA
systemfonts	1.3.1	/Library/Frameworks/R.framework/Versions/4.4-arm64/Resources/library	NA
tcltk	4.4.2	/Library/Frameworks/R.framework/Versions/4.4-arm64/Resources/library	base
tensorA	0.36.2.1	/Library/Frameworks/R.framework/Versions/4.4-arm64/Resources/library	NA
testthat	3.2.3	/Library/Frameworks/R.framework/Versions/4.4-arm64/Resources/library	NA
textnets	0.1.1	/Library/Frameworks/R.framework/Versions/4.4-arm64/Resources/library	NA
textshaping	1.0.4	/Library/Frameworks/R.framework/Versions/4.4-arm64/Resources/library	NA
tibble	3.3.0	/Library/Frameworks/R.framework/Versions/4.4-arm64/Resources/library	NA
tidybayes	3.0.7	/Library/Frameworks/R.framework/Versions/4.4-arm64/Resources/library	NA
tidygraph	1.3.1	/Library/Frameworks/R.framework/Versions/4.4-arm64/Resources/library	NA
tidyr	1.3.1	/Library/Frameworks/R.framework/Versions/4.4-arm64/Resources/library	NA
tidyselect	1.2.1	/Library/Frameworks/R.framework/Versions/4.4-arm64/Resources/library	NA
tidytext	0.4.3	/Library/Frameworks/R.framework/Versions/4.4-arm64/Resources/library	NA
tidytree	0.4.6	/Library/Frameworks/R.framework/Versions/4.4-arm64/Resources/library	NA
tidyverse	2.0.0	/Library/Frameworks/R.framework/Versions/4.4-arm64/Resources/library	NA
timechange	0.3.0	/Library/Frameworks/R.framework/Versions/4.4-arm64/Resources/library	NA
tinytex	0.57	/Library/Frameworks/R.framework/Versions/4.4-arm64/Resources/library	NA
tm	0.7-16	/Library/Frameworks/R.framework/Versions/4.4-arm64/Resources/library	NA
tokenizers	0.3.0	/Library/Frameworks/R.framework/Versions/4.4-arm64/Resources/library	NA
tools	4.4.2	/Library/Frameworks/R.framework/Versions/4.4-arm64/Resources/library	base
treeio	1.30.0	/Library/Frameworks/R.framework/Versions/4.4-arm64/Resources/library	NA
tweenr	2.0.3	/Library/Frameworks/R.framework/Versions/4.4-arm64/Resources/library	NA
tzdb	0.5.0	/Library/Frameworks/R.framework/Versions/4.4-arm64/Resources/library	NA
ucminf	1.2.2	/Library/Frameworks/R.framework/Versions/4.4-arm64/Resources/library	NA
udpipe	0.8.12	/Library/Frameworks/R.framework/Versions/4.4-arm64/Resources/library	NA
urlchecker	1.0.1	/Library/Frameworks/R.framework/Versions/4.4-arm64/Resources/library	NA
usethis	3.2.1	/Library/Frameworks/R.framework/Versions/4.4-arm64/Resources/library	NA
utf8	1.2.6	/Library/Frameworks/R.framework/Versions/4.4-arm64/Resources/library	NA
utils	4.4.2	/Library/Frameworks/R.framework/Versions/4.4-arm64/Resources/library	base
uuid	1.2-1	/Library/Frameworks/R.framework/Versions/4.4-arm64/Resources/library	NA
vcd	1.4-13	/Library/Frameworks/R.framework/Versions/4.4-arm64/Resources/library	NA
vcfR	1.15.0	/Library/Frameworks/R.framework/Versions/4.4-arm64/Resources/library	NA
vctrs	0.6.5	/Library/Frameworks/R.framework/Versions/4.4-arm64/Resources/library	NA
vegan	2.7-2	/Library/Frameworks/R.framework/Versions/4.4-arm64/Resources/library	NA
viridis	0.6.5	/Library/Frameworks/R.framework/Versions/4.4-arm64/Resources/library	NA
viridisLite	0.4.2	/Library/Frameworks/R.framework/Versions/4.4-arm64/Resources/library	NA
vroom	1.6.6	/Library/Frameworks/R.framework/Versions/4.4-arm64/Resources/library	NA
waldo	0.6.2	/Library/Frameworks/R.framework/Versions/4.4-arm64/Resources/library	NA
webr	0.1.5	/Library/Frameworks/R.framework/Versions/4.4-arm64/Resources/library	NA
weights	1.1.2	/Library/Frameworks/R.framework/Versions/4.4-arm64/Resources/library	NA
whisker	0.4.1	/Library/Frameworks/R.framework/Versions/4.4-arm64/Resources/library	NA
widyr	0.1.5	/Library/Frameworks/R.framework/Versions/4.4-arm64/Resources/library	NA
withr	3.0.2	/Library/Frameworks/R.framework/Versions/4.4-arm64/Resources/library	NA
wordcloud	2.6	/Library/Frameworks/R.framework/Versions/4.4-arm64/Resources/library	NA
writexl	1.5.4	/Library/Frameworks/R.framework/Versions/4.4-arm64/Resources/library	NA
xfun	0.54	/Library/Frameworks/R.framework/Versions/4.4-arm64/Resources/library	NA
xml2	1.4.1	/Library/Frameworks/R.framework/Versions/4.4-arm64/Resources/library	NA
xopen	1.0.1	/Library/Frameworks/R.framework/Versions/4.4-arm64/Resources/library	NA
xtable	1.8-4	/Library/Frameworks/R.framework/Versions/4.4-arm64/Resources/library	NA
yaml	2.3.10	/Library/Frameworks/R.framework/Versions/4.4-arm64/Resources/library	NA
yulab.utils	0.2.1	/Library/Frameworks/R.framework/Versions/4.4-arm64/Resources/library	NA
zip	2.3.3	/Library/Frameworks/R.framework/Versions/4.4-arm64/Resources/library	NA
zlibbioc	1.52.0	/Library/Frameworks/R.framework/Versions/4.4-arm64/Resources/library	NA
zoo	1.8-14	/Library/Frameworks/R.framework/Versions/4.4-arm64/Resources/library	NA
ztable	0.2.3	/Library/Frameworks/R.framework/Versions/4.4-arm64/Resources/library	NA
